33.0201,31.20008,69704900,0
31.99995,34.31992,44431100,0
34.31992,35.05005,32276700,0
34.67992,33.3999,15379100,0
33.00008,30.06,17297100,0
29.52,29.90003,18682300,0
29.7801,30.64995,12641200,0
30.01005,31.09005,11508800,0
30.01005,27.9801,8062900,0
27.51007,28.8999,5778500,0
29.11005,28.01003,5163100,0
27.74992,27.0801,4406200,0
26.86005,25.15005,8218300,0
25.87005,27.22005,4664800,0
26.70008,26.59005,4010400,1
26.0001,26.57993,3538600,1
26.50995,27.18,3525500,1
27.00,27.56992,4077600,1
27.60998,28.35,4586400,0
28.48995,28.0899,4122000,0
28.01993,27.49995,4626000,0
27.56003,28.2501,3603200,0
27.9999,28.5201,5024600,0
28.57995,26.70008,3938500,0
27.00,25.9299,3664800,0
26.1999,26.3601,2226400,1
26.43008,26.1999,2875600,0
26.03003,26.50005,2246000,1
26.50005,27.58005,3597100,1
27.58005,27.00,2944500,0
26.50005,26.03003,3992400,0
26.0001,25.60995,2192900,0
24.99998,24.57,2460800,0
24.50002,24.2001,3756400,0
24.70005,23.13,2693200,0
23.01007,22.02001,3246500,1
22.02001,22.22001,1298600,1
21.87999,20.16,1917500,1
20.00,18.81,3489200,0
18.99999,19.89999,2333100,1
19.70001,20.99999,3373000,0
20.85001,21.02,2050600,0
21.39001,19.24,2998500,0
18.99999,19.55,2211200,1
19.64999,20.33001,2597600,0
19.71,19.51,1420700,1
18.99999,20.27999,1997900,0
19.78,19.78,896700,1
19.48,17.80,2384300,1
18.00999,16.20,2310200,1
16.02999,16.73001,1582100,1
16.35001,17.48999,1920200,1
17.46999,17.37999,3802100,1
16.11,16.78,3570400,1
16.51999,17.19999,2990100,1
16.80001,15.48,2232300,1
15.48999,15.70,2855800,1
15.10,15.80,14573900,0
15.55,14.58999,7611300,1
14.55001,13.40001,5865500,1
14.74,14.69999,13673200,0
13.99999,14.82001,8779200,0
14.76,15.90001,9389500,0
17.19999,17.48999,15821000,0
17.30,18.20,12891100,0
17.57999,18.81,8639100,0
18.60001,18.74999,5602200,1
18.89001,19.80,8349300,0
20.45999,20.15001,7699500,1
19.80,19.79001,6786900,1
19.46999,18.29999,7745500,0
18.18,19.19,6143800,0
19.21,19.17999,5615300,0
18.70,20.68,9128600,0
20.00,20.29999,8219000,0
20.25,21.01,6689400,0
20.99999,20.99999,5052500,0
20.85001,20.43999,4814300,0
20.06001,19.89999,3276100,1
19.88001,18.78001,3928300,0
18.50,19.42,4119600,0
19.05001,19.03,3424600,0
20.50,19.22,3242800,0
18.99999,17.89,3549600,0
17.77999,17.45001,2509400,0
17.18001,18.22001,2212100,1
18.18,17.63001,2678000,1
17.64999,17.95,2552000,1
17.89,18.02999,1576900,1
18.02,18.47999,2280700,1
18.29999,18.31001,2882500,1
18.31001,18.70,3135500,0
18.61,19.48,6366700,0
18.88,17.80,5445800,0
17.19,16.31,4119200,0
16.20,16.76999,3112500,1
16.60999,15.80,2488100,1
15.93999,16.04999,2789500,0
16.08001,16.65999,4768900,0
16.38,17.45001,3534000,0
17.12,15.71,3862400,1
15.71,16.63,4037700,0
16.29999,16.29999,1746400,1
16.38,16.94999,2746500,1
16.92,17.71,3154900,1
17.71,18.25,4012000,1
17.59999,16.71001,3435000,1
16.40,17.09001,1830000,1
16.99,17.53,3924300,1
17.32001,18.50,5801900,1
18.29999,19.41001,8559600,1
19.28999,18.90999,5882000,0
18.94,20.00,8035200,0
20.00,20.60001,6403900,0
20.59,20.45,5914200,0
20.40001,19.17999,9224000,0
18.99999,19.55,4895100,0
19.40,19.98999,3744100,0
20.00,18.81999,4663900,0
18.70,18.49001,3527200,0
18.71001,18.56999,2341800,0
18.74999,18.89001,4138800,0
18.90,19.40,3546800,0
19.40,19.69,3549200,0
19.70001,19.04,2815000,0
19.26,19.41001,1983100,1
19.30,18.81,2845700,1
18.81,18.79,1795900,0
18.60001,18.22001,2522800,0
18.45,18.54999,1746900,0
18.40001,17.10,6416000,0
16.90,17.03,3528600,0
17.00001,16.65,1687000,1
16.90,16.65,1202300,1
16.70,16.33001,1719300,1
16.29999,15.80,1535400,0
15.82,15.20001,2226600,0
15.01,14.55001,2342800,0
14.51,14.85,1965500,0
14.85,15.10,2019600,1
15.10,15.02001,1114300,1
15.05,15.00001,1052600,1
14.98001,14.54,1760700,1
14.51999,15.07001,1096500,1
15.07001,16.15001,2585400,0
15.99001,15.50999,1532500,0
15.47001,14.85,1781700,0
15.23999,15.45001,2128100,0
15.20001,14.22999,2603800,0
14.10001,13.95,1476600,1
13.88,13.73,748300,1
13.79,14.24999,1204900,0
14.24999,13.50,1294700,1
13.43,13.50999,1889000,0
13.68999,12.94,1743900,0
12.80999,13.00999,1598900,0
12.50001,12.46,797500,0
12.26,11.97999,2125400,0
11.88,11.99999,799100,0
11.90,12.10999,1555900,0
12.10,12.20,1032700,1
12.32001,12.30001,773500,1
12.26,12.30001,1136300,1
12.30001,11.90,779500,1
11.50,11.41,1119700,1
12.50001,12.55,1834100,0
13.20001,13.32,4226500,0
12.95001,12.60,1883300,0
12.38,12.51999,1211500,0
12.51999,12.65,1644300,0
12.87999,12.50001,1026900,1
12.51,11.68,812900,0
11.20,11.39,653300,1
11.18,11.45,735100,0
11.51001,11.39,891100,1
11.21,11.13001,1737600,1
10.89,11.16,606000,1
11.43,10.88001,880900,0
10.79001,10.84001,637900,0
10.40,9.76,2611100,0
9.70,9.83,1994900,0
9.70,9.80001,939700,1
9.88,9.78001,770400,1
9.65,9.33001,574900,1
8.98,9.02,1466000,0
9.05,8.89,1544500,1
8.95001,9.14,4545500,0
9.09999,9.45,2948700,0
9.63,9.05,2175600,0
9.15001,9.02,1436300,0
9.05,9.54,3731200,0
9.54999,9.65999,2337600,1
9.61,9.38,1504900,1
9.44001,9.72,1800400,1
9.47,9.52,1316100,1
9.40999,9.76,1543500,1
9.90,10.52001,3010500,1
10.40,10.44,3380600,1
10.42,10.70001,2046300,1
10.51,11.40001,3694900,0
11.40001,11.70,3372800,1
11.77,12.24999,5793600,0
12.15,11.47001,6823800,0
11.47001,12.15999,2948200,0
11.95,12.08,3651600,1
11.60001,11.69001,4463800,0
11.50,11.41,1959500,1
11.56001,11.59,1693300,1
11.45,12.32001,2356600,1
13.31001,12.29,3994000,1
12.20,12.69999,2565300,1
12.66001,13.12,2523900,1
12.78,13.14999,3371500,1
13.27999,13.59,3468900,1
13.59999,13.34999,5572600,0
13.30,13.39,4604600,1
13.59,13.99999,6377300,0
13.70,14.26999,5370700,0
14.17999,14.51,4385000,1
15.00001,14.12001,5008000,1
14.40,13.05,5610500,1
13.21,13.52,3339200,1
13.48,13.77,2289300,1
13.79999,13.95,4861900,1
14.06,15.05,5995600,1
14.85,15.14,5950800,1
15.38001,14.80,7831300,0
14.69999,15.10,5106300,1
15.25001,15.57,5698200,0
15.66,15.00001,7191700,0
14.72,14.94,6140000,0
14.87,15.12999,3951800,0
15.14999,15.20001,5595600,0
15.30,15.68999,4315300,1
15.57,15.68,3735800,1
15.73,15.72001,3929700,1
15.39,15.39,3728100,1
15.45001,16.24999,4751400,1
16.15001,15.90001,4493100,1
15.80,15.30,3913000,0
15.11001,16.15999,4787400,0
16.02,16.45,5766400,0
16.49999,16.00,6847600,0
16.00,15.70,4718300,1
15.70,16.17001,2208500,1
16.00,15.89,2621500,1
15.84999,16.11999,2521700,1
16.02999,16.70,5268800,0
16.94,18.36999,8517400,0
18.29999,19.19,7871900,0
18.99999,19.25001,5393400,0
19.25001,18.50,3625900,1
18.45,18.71001,5263800,1
18.74999,18.98001,4569900,0
18.54999,18.80001,7305600,0
18.50,18.54999,4791400,0
18.74999,20.41,8810800,0
20.36,20.88,6621500,0
20.70,20.50,4114400,0
20.25,19.15,6705500,0
18.90,18.35001,3835400,1
18.47,19.10,3161600,1
19.15,19.50001,2392600,1
19.51,19.89999,2998300,1
19.80,19.30,6086400,1
19.50001,19.98,5656600,1
20.00,18.81,7828300,0
18.11,17.72001,5065900,0
17.88001,18.90,3427700,1
18.31001,20.34999,8141100,0
20.49001,21.60999,11185100,0
21.35,21.49,7755100,0
21.10,21.50001,3564700,1
21.50001,22.38001,8826900,0
22.38001,21.93001,6365000,0
22.54995,22.5999,5024500,0
22.48,21.89999,3010000,1
22.00,21.41001,4052200,0
21.10,21.26,3860000,1
21.26999,22.00,3303100,1
22.00999,22.86,4539300,0
22.79992,23.46997,4498500,1
23.01007,23.08005,3222000,1
23.15003,22.95,5534300,0
22.40001,22.45999,8407600,0
22.40001,22.32,4215900,1
22.32,22.61992,4700000,1
22.81995,22.43999,6916100,0
22.43999,22.54005,3003600,0
22.09999,22.83007,4224000,1
22.88992,23.1399,4607200,1
23.24003,23.40,5345100,1
23.60003,22.90005,3261000,1
22.65998,23.15003,2702900,1
23.15992,23.7501,6633000,1
23.7501,26.12993,11009900,0
26.10,26.46,12586600,0
26.48993,27.49995,8989400,0
27.29992,27.27,5953000,1
27.33998,26.25008,8234600,0
25.98997,25.44007,5579900,0
25.2099,26.10,3875700,1
25.83,25.51005,4276300,1
26.0001,25.80007,10873800,0
24.99998,25.26998,7763100,0
25.11,25.49992,2700100,1
25.49992,23.2299,6409100,0
22.70002,23.4999,6859600,1
23.6799,24.45998,4172300,1
24.52995,24.52995,4669800,1
24.50002,25.29,3167000,1
25.58003,25.96005,5252700,0
26.21993,27.56003,12319900,0
27.7101,26.9001,6238400,0
26.50995,25.92,7308500,0
25.89997,24.95992,5240100,1
24.88005,25.80007,2666700,1
26.01,25.47,3000000,1
25.15995,25.7301,2692500,1
25.7499,26.23005,3698000,1
26.28,28.84995,9504500,0
29.29995,29.1501,14479700,0
28.8999,29.00002,6839900,0
28.9899,27.29992,5564000,0
27.60007,27.49995,4147700,0
26.30002,28.1799,5863700,0
27.9999,28.30005,5847100,0
28.30005,29.04008,4568200,1
29.22008,29.02995,4599400,0
29.11995,28.48995,3874700,0
28.01003,27.7299,5076100,0
27.49995,27.9999,3574700,0
27.85005,26.97998,5711200,0
26.79998,27.2799,2594300,0
27.02002,27.8199,3818000,0
27.85005,27.2799,2435000,1
27.20002,27.0801,2263100,1
27.02002,26.68995,2767900,1
26.10,26.8101,1382500,1
26.68005,26.50005,2212500,1
26.59005,26.48993,2656100,0
26.50005,27.0099,3435800,0
27.40005,26.25997,3398000,0
26.4501,25.49992,4668900,0
25.08007,25.42995,3090800,0
25.60005,25.96995,2581400,1
25.98997,25.80007,2048200,1
25.80007,25.5501,2347400,1
25.44007,25.22992,3096200,1
25.26007,25.35998,2637200,1
25.2999,25.1199,3986700,0
25.24005,26.16008,6665000,1
26.0001,25.40003,7495500,0
25.33005,24.3999,10513400,0
24.41002,24.4899,8243500,0
24.30,24.66,3881600,1
24.70005,25.8201,8074200,0
25.80007,25.76993,5138400,1
25.83,26.12993,6092000,1
26.25997,26.43008,4056900,1
26.28,25.94993,6787100,0
26.03993,25.49992,5437700,0
25.33005,26.1999,5675100,0
26.25008,27.00,8497500,0
27.04995,26.0001,6562600,1
25.89007,26.14995,4905900,1
26.01,25.89007,3141000,1
26.30002,26.10,5502600,0
26.34008,26.50005,6408200,0
26.50005,27.58995,14594600,0
27.15007,24.8301,11259400,0
24.8301,24.54008,7496900,1
24.88005,25.20,5435900,1
25.6599,25.35998,5997500,0
25.53007,25.06005,6332900,0
25.1001,25.69995,6817900,1
25.60005,25.80007,9901900,0
25.65,25.15005,7400600,0
25.24995,25.11,3762300,1
25.20,24.88995,4793000,1
24.88995,23.31,7243500,0
23.19998,23.06992,2552700,1
23.08995,21.51,5240500,1
21.40,19.68001,4215200,1
19.71999,20.15001,6538200,1
20.15001,20.15001,4532600,1
20.45,21.29,5864400,0
21.31,21.89,7750500,0
21.87999,22.5801,6412600,1
22.41,23.08005,6981900,0
22.7601,23.64007,6269000,0
23.60993,23.4099,5198700,0
23.35005,22.9401,3772700,1
22.6899,20.99,7563600,0
20.51001,20.92001,5168500,0
20.92001,21.49,2796500,0
21.39001,22.90005,4537700,0
22.79992,23.01007,3868700,0
23.08005,22.99995,3176800,0
22.79992,23.35005,3651000,0
23.33992,22.95,2678000,1
22.56008,22.34999,2602700,1
22.30,22.5099,3240200,1
22.5801,22.99995,2909700,1
22.99005,22.97992,2455400,1
22.86,23.33992,3756400,1
23.3001,24.05002,6363700,0
24.09997,23.51993,4299900,0
23.35995,24.52995,4215300,0
24.00997,24.3999,4990200,0
24.6699,23.78003,5910700,0
23.67,23.98995,3942900,0
23.96003,24.63998,3393300,0
24.86992,23.69003,2961600,0
23.73997,22.5999,1776900,1
22.5999,22.99995,1638200,0
23.19998,23.96003,1531000,1
24.00008,24.00008,1338200,1
23.9499,24.34995,1622100,1
24.30,24.07995,2041200,1
24.18008,24.2001,1370400,1
24.23002,24.61005,2346100,1
24.70005,24.95992,3729400,0
24.99998,25.38,4343600,0
25.13992,24.50002,3271900,0
24.50002,24.3999,1749600,0
24.61005,24.88995,2468400,0
24.90007,24.68002,1915300,1
24.34995,24.00008,2860800,0
23.98005,24.03,1985800,1
23.80005,23.08005,1559300,1
23.4999,23.1399,2122600,1
22.61992,23.60993,2846500,1
23.78003,23.80005,2760300,0
23.87003,24.00008,3585400,0
24.05993,24.2901,2562400,0
24.30,24.70005,4357200,0
24.59993,24.88005,4093200,1
24.93,24.66,2295400,1
24.66,24.3999,2467200,1
24.41002,24.5601,2486000,1
24.5601,24.93,3337700,1
25.13002,26.0901,10241700,0
26.0901,25.74,4197300,1
25.76003,25.4799,4470000,0
25.60005,25.8399,3568300,1
25.85993,26.16997,4308700,1
26.16997,26.50005,5055800,0
26.48002,24.99998,6869500,0
25.02,25.5699,4196700,1
25.49003,24.18997,4814000,1
24.2001,24.25005,4618300,1
24.30,24.95002,4706500,0
24.88995,25.69995,4500000,0
26.12003,26.3799,6620200,0
26.48002,26.30993,7209100,0
26.21993,25.60005,6143100,1
25.8399,26.05995,3919400,1
26.05995,25.89997,3357000,1
25.60005,25.04002,4093300,1
25.26998,24.8499,3344700,1
24.8499,25.83,6146500,0
25.80007,26.12003,7898900,0
25.89997,25.83,4817600,0
25.80007,24.70995,4298900,1
24.3999,23.98995,3739400,0
23.87993,24.70005,3038100,0
24.41993,24.25005,2781100,1
24.25005,24.70005,1812700,1
24.77992,25.65,5687700,0
25.58003,25.71997,3017600,1
25.78005,25.80007,2923400,1
25.89997,26.32995,5292700,1
26.46,26.34997,4933400,1
26.10,26.39002,3391000,1
26.70008,25.8201,3169600,1
25.85003,26.5599,5536900,1
26.6499,26.86995,7158800,1
26.82,26.34008,5183200,1
26.14995,26.64,3418800,1
26.86995,26.1801,4632900,1
26.21993,27.04005,6566000,0
26.70998,27.04005,7749600,0
27.06008,27.85005,6691100,0
27.85995,28.10003,6683100,0
28.14997,28.1799,6343400,0
28.30005,27.81,4221100,0
27.65992,26.57993,5083600,0
26.41995,26.70008,3854800,0
26.30002,25.42995,4570600,0
25.35007,25.1901,1914500,1
25.24995,24.99998,2056300,1
25.26007,25.06995,1271700,1
25.06005,25.67003,2452400,0
25.5501,25.15995,2474700,0
24.90007,23.55007,4066400,0
23.67,22.72995,4509700,0
22.97992,23.15003,2673500,1
22.99995,22.90005,2129000,1
22.05,22.21,2416900,0
22.22001,22.63995,1375000,1
22.65007,22.83007,3852000,0
22.86,23.1399,6276700,0
23.10007,22.90005,2556700,0
22.92998,23.10007,1384300,1
22.92998,23.10007,1384300,1
22.92998,23.10007,1384300,1
22.92998,23.10007,1384300,1
22.92998,23.10007,1384300,1
22.99995,22.74998,2118300,1
22.72005,22.63995,2765800,0
22.47001,23.28997,2666600,1
23.46007,23.7501,4092900,1
23.69003,23.78003,2731000,0
23.98005,23.85,2628100,0
23.9301,24.05993,2580000,0
24.30,24.70005,4328600,0
25.1001,23.71995,4422200,0
23.7699,23.5899,2123600,0
23.7501,23.78003,1398300,1
23.69993,23.73997,1431600,1
23.73997,23.3001,1980300,1
23.13,23.08005,1410700,1
23.15992,23.06003,1644200,1
23.0499,23.49,1990000,1
23.33003,23.17005,2408600,0
23.24992,23.89995,2841800,0
24.00997,23.69003,2790700,1
23.4099,23.24003,6225200,0
23.3001,23.33003,4048100,0
23.35005,23.0301,2101600,1
22.99995,23.15003,1966100,1
23.17005,22.79002,3338000,1
22.74998,22.90005,1409600,1
22.88002,23.4999,3557000,1
23.4999,24.00008,4658000,1
24.09997,25.67003,14720900,0
25.2999,26.12993,12026100,0
26.16008,26.1099,6501400,0
26.05005,26.68995,7855900,0
26.59995,27.00,6626100,0
26.9901,26.70008,6402800,0
26.66002,27.2601,8976100,0
27.02992,26.0001,6261900,0
26.10,26.16008,2548300,1
26.16008,25.5699,3477900,1
25.58003,25.74,2489100,1
25.7301,24.72998,3355400,0
24.81008,24.97995,2472400,1
24.99998,25.60995,4746100,0
25.69995,26.05005,4515300,0
26.0001,25.8201,3379700,0
26.07997,25.8399,2722600,0
25.4799,23.78003,6959200,0
23.7501,23.37997,2659100,1
23.4999,23.6601,3423200,1
24.05002,23.64007,1941900,1
23.10007,23.7501,1616400,1
23.85,24.12,2772500,0
24.03,23.19998,2848700,0
22.40001,21.95001,4655100,0
21.50001,20.90,2986200,0
21.40,20.99999,3646900,0
20.07999,21.14001,1276000,1
21.39001,21.48001,1610100,0
21.44999,22.00,2730500,0
21.78,21.10,2383600,1
20.96001,21.51999,1415000,1
21.65,21.53,1342000,1
21.58,21.58,1480300,1
21.10,22.09,1734800,1
22.23999,22.88002,2785500,0
22.99995,22.6701,1721400,1
22.40001,22.5999,1554100,0
22.5999,22.79002,2540300,0
22.8501,22.32999,1944200,0
22.30,21.76,2429700,0
21.76,20.97,2424400,0
20.97,21.10,1204400,0
21.19,20.78001,844500,0
20.65001,20.90,1156400,0
20.99999,20.99999,957400,1
21.19,21.60,1385300,1
21.41001,21.80,1188500,1
21.95001,21.65,712700,1
21.69999,21.06,864000,1
21.22,19.89,1834200,0
19.71,20.52,4400700,0
20.54,20.42001,2712200,0
20.49001,20.15001,1171000,1
20.33001,20.47001,928300,1
20.14,19.98999,1172000,1
19.97001,19.28,964700,1
19.19999,18.00,1613300,0
17.77,16.90,2990600,0
16.90,17.16001,2812000,0
16.91001,17.30,2384200,0
16.90,17.25001,981400,0
17.17,17.64,967000,1
17.66999,17.97001,730000,1
17.97001,17.66999,998900,0
17.87,18.26001,1380400,0
18.20,18.34,940500,1
18.35001,18.04001,1012800,1
17.90001,18.15001,775300,1
17.81001,17.91999,692400,1
17.71,18.00,903700,1
17.93999,18.80001,1510200,1
18.71001,19.10,1633900,1
18.99999,19.33,1182300,1
19.64999,19.33,2258800,0
19.13,19.50001,1702500,0
19.44999,19.64999,1640500,1
19.57,19.87,2069600,1
19.86001,19.77001,1607500,1
19.91999,19.66999,907400,1
19.66999,19.91,1263300,1
19.91,20.90,5424100,0
20.65001,22.18999,9059500,0
21.98999,21.59001,6358000,0
21.32001,21.69999,2877000,0
21.50001,21.57001,2221100,1
21.56,20.81,2405800,1
20.70999,21.08999,1468900,1
20.90999,20.88,1547500,1
20.81999,20.99,2186100,1
20.99999,21.96999,7455200,0
21.80,22.09999,3003000,0
22.70992,21.98,2946500,0
21.80,21.95001,6398000,0
21.73,21.85,3422700,0
21.78,21.87,2501000,0
21.76,22.09,1704000,1
21.77001,22.29001,2419900,0
22.50,22.34999,2001200,1
22.32999,22.20001,1561700,1
22.11001,22.50,2149400,1
22.41,22.45999,2719200,0
22.45999,22.18999,1504000,0
22.25999,22.36001,2788600,1
22.36001,22.27999,2079800,1
22.27999,22.50,3998700,0
22.70002,22.45001,1338300,1
22.30,22.49001,1410800,1
22.41,22.77,3559000,1
22.70002,24.21,6532300,0
23.96003,23.9301,3275700,0
23.8599,23.98995,2328500,0
23.98995,23.87993,2007200,1
23.89995,23.46007,3684800,0
22.81995,23.6601,2105400,1
23.55007,23.01007,740600,1
23.37997,22.38001,1994600,1
22.90005,23.15992,3643100,1
22.99995,23.3001,3579600,0
23.35005,23.3001,3007000,0
23.24003,23.46997,2246500,1
23.7699,24.7599,4486600,0
24.95992,23.89995,3944400,0
23.89995,23.71005,1524000,0
23.71995,23.7501,1411200,1
23.64997,22.50,2412100,0
22.43999,24.00008,3996400,0
24.18008,22.88002,2755100,1
22.79992,23.1201,1457100,1
22.79992,22.99995,1633000,1
23.06992,22.7799,1323100,1
22.7799,22.92998,1721700,1
22.50,23.1201,2822200,1
23.19007,23.58,2814900,1
23.46007,23.0301,2002800,1
22.88002,24.18008,6581500,0
22.88002,24.14993,2909800,0
24.30,24.30,3273100,1
24.52005,24.14002,3001000,1
24.14002,24.16005,2950300,1
24.3999,24.2001,2946100,1
24.2001,23.9499,2787400,1
24.05002,25.4799,10803800,0
24.99998,26.59005,14154500,0
25.69995,25.9299,7210200,0
25.96005,24.07005,4848300,0
23.91997,25.1001,3723400,1
24.88005,24.86992,2933900,1
24.3801,24.68992,3968200,0
24.70005,24.9399,3607700,0
25.42995,25.17998,2922300,0
24.81008,26.2701,5078000,0
25.98997,25.24995,5259800,0
24.88995,25.35998,3500500,0
25.44998,25.3899,3348100,0
25.4799,25.22992,2570000,1
24.99998,24.97995,2509800,0
24.97995,24.00008,3739100,1
24.09997,24.3801,2264300,1
24.54998,24.81008,2756400,0
24.81008,25.17998,3184100,0
25.22992,24.84,1983200,1
24.88995,25.80007,3892200,0
25.85003,25.89997,2739800,1
25.94993,25.51005,1731200,1
25.53997,25.76003,1887200,0
25.80007,26.34997,3318900,0
26.50005,26.41005,3643400,0
26.41005,26.39993,2747000,0
26.41005,25.65,3265100,0
25.69995,25.85993,1193800,1
25.87005,25.35998,2171500,1
25.1001,25.49992,1392500,1
25.51005,25.15005,1463700,1
24.99998,24.9399,1019700,1
25.2099,25.06005,5360300,0
24.5799,23.4999,4167000,0
23.40,22.99995,2416300,1
22.8699,23.87993,2042400,0
23.85,24.45008,2245900,1
24.45008,24.72008,1871900,1
24.3801,24.8499,2293300,1
24.8499,24.97995,3196500,0
24.75,24.90007,1078400,1
24.90007,25.98007,6887500,0
26.0001,25.65,4222500,0
25.6401,25.08007,2603400,0
25.11,25.38,2065700,1
25.78995,25.0101,1753600,0
24.5799,24.68002,1387300,0
24.32002,24.25995,1682600,1
24.70005,23.7699,1347400,0
23.64997,23.98995,3276400,0
23.89995,22.9401,1136400,1
22.88992,23.24003,735100,1
23.69993,23.4999,1771800,0
23.44005,22.74998,604300,1
22.30,22.79002,838200,0
22.81005,23.3901,1619500,0
23.2299,22.90005,1114200,1
23.24003,23.4801,1256900,1
23.5899,23.80005,1089900,1
23.80005,23.4099,533500,1
23.2299,23.89995,1424700,1
23.4999,24.09997,1257500,1
24.09997,24.59993,2919200,0
24.88005,24.63998,2091200,0
24.59993,24.79995,2566600,0
24.95992,24.7599,2298400,0
24.7599,24.30,1584400,0
24.27997,24.3999,2753900,0
24.41002,23.64997,1591400,1
23.64997,23.69993,2309700,1
23.7501,23.42003,1915800,1
23.40,23.82997,1414600,1
24.07005,24.09008,2152900,1
24.05002,24.50993,2453900,1
24.50993,24.43005,2375000,1
24.03,24.3801,2114100,1
24.4899,24.75,3107300,1
24.75,24.9399,3546000,0
24.9399,25.2999,2832800,0
25.4799,25.26007,2941700,0
25.20,25.38,3169100,0
25.4601,27.60998,17844200,0
30.37005,30.37005,343900,1
33.41002,33.41002,268600,1
36.74992,36.74992,651700,1
40.43003,40.43003,2201900,1
44.4699,44.4699,2367500,1
48.91995,48.91995,54618700,0
48.19005,44.03002,38659500,0
42.79995,41.31,25743400,0
40.90995,40.29008,14703000,0
40.47998,38.49997,19176700,0
38.49997,38.38995,14006700,0
38.40007,36.9999,11163400,0
37.19993,37.68008,9742200,0
37.62,37.68008,11166300,0
37.39005,36.65003,12470400,0
36.24997,37.57995,13677600,0
36.9801,37.39995,9282800,0
37.39995,37.17,8267200,0
37.28002,36.6201,9840700,0
35.9001,34.2801,10331300,0
34.51005,34.87005,7594800,0
34.85003,34.3899,4258200,1
34.31992,34.8201,5933700,0
34.4799,34.80997,4873300,0
34.80997,34.94993,5913900,0
33.99998,34.15005,6658300,0
34.13002,32.91997,5593700,0
32.96993,33.2199,3400500,0
33.09997,32.82997,3106400,1
32.89995,33.30,4553600,1
32.98005,31.95,3854700,1
31.86,31.7799,2131900,1
31.70002,32.6799,3369300,1
32.58,32.42992,3451400,1
31.90995,32.4999,6683600,0
32.19998,33.39,6534800,0
33.77992,33.50993,4951100,0
33.00997,33.90007,7710200,0
33.88995,32.46007,5144700,1
32.13,32.7501,4663700,0
32.10007,32.2101,2249000,1
32.24003,33.32002,4821100,0
33.00008,33.21,6474400,0
33.00008,30.98002,5304400,0
30.62003,29.90003,4559600,1
29.74995,29.90992,2263400,1
30.15,30.26003,1580300,1
30.84997,30.9699,6128200,0
30.4101,30.9699,5029600,0
30.89993,31.7601,6259500,1
32.60003,32.7501,7893200,0
33.09997,31.77,3738300,1
31.72005,31.90005,3401400,1
32.53995,31.99995,3178400,1
31.86,32.19998,6711400,0
32.22,32.7501,7225900,0
32.76,32.46997,3794800,0
32.42992,32.44995,5102500,0
32.40,31.79992,4971800,1
31.5999,31.3299,3790500,1
31.25993,30.8799,4333100,0
30.7701,31.34993,2896500,1
31.34993,31.45995,2739800,1
31.1301,32.35995,9057400,0
32.3901,31.97992,5248300,0
31.70992,31.29008,3088300,0
31.4001,31.47998,4855600,0
31.74998,31.70002,5650900,0
31.23,31.70002,2818400,0
31.59,29.92005,2628300,0
29.6001,30.15,2636900,1
30.15,30.17992,1860000,1
29.99992,30.6999,3261800,0
30.8799,30.24,1395200,1
30.39007,30.53993,1585400,1
30.55005,30.5001,4084400,0
30.5001,31.3299,4140600,0
31.1301,31.20008,2288600,1
30.19995,30.39007,2134300,1
29.99992,27.94005,4223200,0
27.49995,27.9999,3376800,0
28.4499,28.30005,2823900,0
27.8001,28.48995,2839800,0
28.7001,28.66005,2828900,0
28.8999,29.2599,2667700,0
29.34,28.68008,1884400,1
28.77008,28.5201,1313200,1
28.4499,28.17,1407500,1
27.94005,28.1799,1661600,0
28.37993,27.9801,967600,1
28.50008,29.49998,5947900,0
29.22008,29.38005,2364500,1
29.56995,29.99992,3046600,0
29.90003,29.65005,1479000,0
29.49998,29.18002,1533000,1
29.22008,29.38995,2716700,0
30.08992,29.38005,2993600,0
29.3499,29.29995,1708000,1
29.31998,29.0601,1391700,1
28.75005,27.78997,1804700,1
27.49995,27.60998,793400,1
27.69007,28.46993,1331100,1
28.59008,28.28993,2159600,0
28.30005,29.29995,3264700,0
28.64002,28.86998,2732200,0
28.95998,28.7001,1477200,1
28.73002,28.66995,2046200,1
28.73993,28.77997,1548200,1
29.13998,28.68008,2347600,1
28.66005,28.55993,1017800,1
28.55993,29.18002,3626800,0
28.98,28.57995,2070800,0
27.72,27.90,2434200,0
27.9801,26.9199,2952700,0
26.0001,26.75002,2663400,0
27.09,26.59995,1257000,0
27.0801,26.43997,1642700,1
25.85003,26.91,1634400,0
26.9001,27.06008,1730200,1
27.00,26.30002,1409400,1
26.30993,26.2899,988900,1
26.28,26.39993,3174600,1
26.48002,26.48002,947800,1
26.16008,25.04992,2027900,1
24.93,24.43005,2021100,1
24.4899,24.72998,2265700,0
25.11,25.69995,3893700,0
25.96995,25.80007,3374000,0
26.10,26.01,2774700,1
25.85003,26.32005,2315000,1
26.14995,26.34997,1808900,0
25.8201,26.57993,2184000,0
26.50995,26.77995,2644700,0
26.9001,27.40005,3313400,0
27.0999,27.58995,2589900,0
27.58995,27.49995,1522100,0
27.60007,27.6201,1404000,1
27.49995,27.58005,2602300,1
27.29992,27.45,1255100,1
27.54,27.99,1335600,0
27.90,28.05007,694500,1
28.10003,27.96997,3402900,0
28.19003,28.48005,2891500,0
28.44,27.47003,1866500,1
27.60007,27.15007,1193300,1
27.15007,27.00,939800,1
27.02002,27.00,665900,1
27.00,27.65003,931100,1
27.78007,27.27,1924300,0
27.9999,28.10003,4272500,0
28.1601,28.55993,3051700,0
28.41008,27.1701,2398700,0
28.50008,28.0701,2538100,0
27.8901,27.8901,1874400,0
27.7299,25.1001,2809300,0
24.7401,25.02,907700,1
24.81008,25.49992,1616000,0
25.5501,25.69005,1468500,1
25.60005,26.07008,1344000,0
25.92,26.50005,1961200,0
26.41995,26.0001,1860400,0
25.89997,25.40992,1463900,0
25.0299,26.16997,1769200,0
26.4501,26.1999,919500,1
26.1999,27.06008,1592200,0
27.00,26.30002,1420700,0
26.28,26.23005,896600,0
26.0001,26.77995,637200,0
26.52997,27.29992,987200,0
27.04995,26.79998,658900,0
26.41995,26.10,920800,0
25.71997,26.25008,848400,1
26.59995,26.50005,386000,1
26.59995,26.50005,386000,1
26.59995,26.50005,386000,1
26.9001,25.40003,753000,1
25.2999,24.93,1138400,1
24.79995,25.02,1342200,0
25.4799,25.89997,1254800,0
25.98997,27.3501,2234800,0
27.02002,27.36,1566100,0
27.29992,27.24007,1280500,0
26.7201,26.30002,462000,1
26.5401,27.76995,1035000,0
28.93995,26.73,1963400,0
27.22005,26.7201,1032200,1
26.73,27.49995,1117800,1
27.8001,27.47992,667000,1
27.0999,27.38002,658000,1
27.38002,27.3501,1086300,1
27.3501,27.67005,1094600,1
27.45,27.8901,2013700,1
27.90,27.74992,1988600,1
27.67995,27.2601,1112000,1
27.38992,27.5301,1343800,1
27.5301,27.96997,2727000,0
27.81,27.94995,2154400,1
27.8001,28.10003,2022000,1
28.01993,28.03995,1327400,1
27.90,28.4499,2157500,1
28.3599,28.48995,2049600,1
28.50008,29.00002,5765900,0
29.22008,29.02005,3073800,1
29.1699,29.6001,6204900,1
29.99003,29.5299,6155700,0
29.52,29.02005,4674400,0
28.9701,29.22008,4671100,0
29.38005,29.00002,3962400,0
29.00002,29.7999,6524600,0
29.85007,29.16,3482900,0
28.86998,28.84995,2631700,1
28.84995,29.29005,1969600,1
29.29005,29.00002,2495300,0
29.00002,28.01003,3626100,0
27.72,27.8001,2678800,1
27.99,27.9099,3076400,1
28.10003,28.4301,3089600,0
28.5399,28.50008,2227900,1
28.57995,28.5201,3303900,0
28.57005,27.6201,6230400,0
27.60007,26.39993,4564500,0
26.41995,26.75993,2447300,0
26.79998,26.68005,3691600,0
26.52997,26.43997,1909900,1
26.55,26.2899,2063900,1
26.37,26.05005,1923200,0
26.0001,25.24995,2378700,0
25.17998,25.2999,1634100,1
25.35998,25.4601,1947900,0
25.40003,24.88995,2471800,0
24.6501,24.59002,917600,1
24.59002,25.15005,1286100,0
25.08007,25.60005,2395600,0
25.38,25.24995,1693000,1
25.11,24.32002,2383100,0
24.14993,24.32993,2542500,0
24.00008,24.2199,1138100,1
24.32993,24.43005,1351500,1
24.3999,24.3999,1989600,0
24.34995,23.9499,1592100,0
23.98005,24.0201,1502900,1
24.1299,25.49003,5308800,0
25.49003,25.35998,2118500,0
25.26007,25.3899,1579300,1
25.53997,25.08007,1335000,1
24.90007,24.75,2191400,0
24.79995,24.99998,1991100,0
24.99998,24.39,1780000,1
24.27997,24.2199,1702800,1
24.70005,24.39,1465500,1
24.41993,24.5799,1138900,1
24.63008,24.8499,1234800,1
24.9201,25.20,2341400,0
25.2099,25.3701,2022300,0
25.1199,24.88995,2115700,0
24.99998,24.54008,2149300,1
24.36008,24.30,2866000,0
24.36008,24.3801,1781500,0
24.30,23.98995,1394800,1
23.71995,24.00997,1184500,1
23.89005,24.50002,3035800,0
24.2199,24.09997,1270200,1
24.09008,24.30,701800,1
24.32002,24.41002,1785800,1
24.30,24.3099,2148300,0
24.2199,23.98995,1254700,1
23.85,24.30,1567500,1
24.30,24.77002,2564100,0
24.77992,24.9399,2757100,0
24.63008,24.77002,968600,1
24.8499,25.24005,3302800,0
24.59993,24.36008,2379500,0
24.34995,24.16995,930500,0
24.16005,24.16005,793000,1
24.48,24.2199,1432800,0
24.27008,24.59993,1204400,1
24.8499,24.81008,1162700,1
24.81998,24.6501,732800,1
24.6699,25.0299,1025000,0
24.95002,24.90998,1017200,1
24.86992,25.20,1226000,0
25.5699,25.4799,2961400,0
25.24995,25.0101,1636000,0
24.99007,25.1001,1016300,0
25.11,24.90007,1239000,1
24.70005,24.43995,888700,1
24.50002,24.25995,1604800,0
24.16995,24.34995,530800,1
24.3099,24.09008,695900,1
15.94995,15.90,1534300,0
16.15995,15.93,1079100,0
16.00005,15.82995,616900,0
16.00005,15.49995,1130300,0
15.34995,15.48,1494000,0
15.49995,15.15,1400600,0
15.00,14.56,814100,1
14.34,14.44,597400,1
14.37,14.59001,774100,0
14.45,14.87,586500,1
14.85,14.47001,539600,0
14.47001,14.04,966900,0
13.80,13.95,677600,0
13.95,13.96999,445800,0
13.86,14.22,837300,0
14.05,14.35001,480000,0
14.18,13.99,314200,1
13.99,13.98,350500,1
13.90001,13.99,303300,1
13.86,13.86,288500,1
14.25,13.90001,344400,1
13.90001,13.44,340400,1
13.09999,12.85001,579900,1
12.84,12.91999,843000,1
12.85001,12.79001,318400,1
12.78,12.93,413700,1
12.97999,13.20,1149100,0
13.20,13.09001,1250300,0
13.26,13.41,1493100,0
13.39001,14.08999,3225900,0
13.90001,13.41,2344100,0
13.41,13.60001,851300,1
13.56,13.31,751700,1
13.43,13.05,852200,1
13.05,12.97001,581600,1
12.85001,13.02,450200,1
13.02,13.13,980100,0
13.09999,12.85001,992000,0
12.82,13.05,969900,0
12.97001,12.79999,788400,0
12.79999,12.16999,750000,1
12.16999,12.20,639100,1
12.20,12.21,543900,1
12.28001,12.04001,596000,1
11.99,12.06,344900,1
12.07,12.34001,1123400,1
12.34001,12.09,877800,1
12.16001,11.98001,811100,1
11.91,12.07,936200,1
12.25,12.74,2878100,1
12.74,13.17,3194800,0
13.00,12.84,2465300,0
12.95,13.17,2552200,0
13.19,13.72001,5573300,0
13.60999,13.38,4262100,0
13.38,12.81,2243100,0
12.82,12.85001,1698900,0
12.85001,12.79001,1110000,1
12.75,12.28999,1288900,1
12.28999,11.88,1280600,1
11.88,11.99,1244300,1
11.95001,11.69,966800,1
11.70,11.19,1669500,0
11.15,11.29,1816900,0
11.28,11.55,1600400,0
11.55,11.65001,1507300,0
11.67,12.08,1536900,0
12.04001,12.19,1449500,0
12.18,11.88,1422500,1
11.87,11.88,819300,1
11.99,11.64,674200,1
11.64,11.81,667200,1
11.88,11.84,783000,1
11.92001,13.02,5134800,0
13.39999,12.76,5324600,0
12.83,13.06,4313800,0
13.09999,12.77,1889500,0
12.70001,12.40999,2559800,0
12.32,12.28999,1110200,1
12.28001,11.83001,1347700,0
11.84,11.91,925700,1
11.85,11.83001,1203300,1
11.74001,11.69,1234900,0
11.73,11.95001,1315300,0
11.95001,12.02,1068300,0
12.01,12.26,1175600,1
12.26,12.00,1272100,0
12.00,11.89001,811400,0
11.80001,11.56999,849300,0
11.50,11.64,417600,1
11.65001,11.44999,1848400,0
11.43,11.19,814300,0
11.17001,11.26999,612300,1
11.11001,11.04,559200,0
11.29999,11.17001,529300,0
11.20001,11.21,747200,0
11.25,11.12,711400,1
11.20001,11.32999,647200,1
11.28,11.15,429900,1
11.22,11.19,357700,1
11.20001,11.12,495800,1
11.11001,10.48001,1279000,0
10.50,10.21001,693300,1
10.26,10.17,615700,1
10.16,10.27001,719800,1
10.19,10.06,1114800,1
10.06,10.20,698000,1
10.21001,10.60999,1722000,0
10.66999,10.57,1334300,0
10.47,10.78,1858900,1
10.78,10.96001,1344400,1
10.95,10.91,1407100,1
10.86,10.95,992800,1
10.95,10.66999,548800,1
10.59,11.15,2005600,0
11.35,11.23001,2204000,0
11.23001,11.19,1934500,1
11.26,11.37,1749600,1
11.35999,11.34,1278300,1
11.35,11.32,1516000,1
11.26999,11.26999,1306600,1
11.26999,11.53999,2294200,1
11.59,11.84,2108700,1
11.85,13.02,7412400,0
13.17,12.89,6038700,0
12.75,12.79999,2951400,0
12.85001,12.82,2596400,1
12.64001,12.88,2310500,1
12.85999,12.89,2625700,1
12.89,13.14,3957700,0
13.05,13.07,2150500,1
13.07,13.60001,6160300,0
13.68,14.10,5081300,0
14.11,14.05,4660400,0
13.90001,13.84001,3120900,0
13.75,13.39999,2966400,0
13.48,13.69,2164000,0
13.71,13.72999,1699800,1
13.72001,13.17,2419400,0
13.11,13.25,2454200,0
13.23,12.63,2944100,1
12.63,12.60,1105600,1
12.64999,12.91999,1995100,0
12.91999,13.13,2141400,0
13.27999,13.21001,1647500,0
13.13,12.66,3263200,0
12.60,12.78,1633200,1
12.79999,12.75,1561100,1
12.60,12.96,1408600,1
12.95,13.02,1559000,1
12.91001,13.08,1380800,1
13.14,13.41,1874900,1
13.48,13.31,1612000,0
13.30,12.85001,1850500,0
12.85001,13.09999,1571100,1
13.08,12.70001,1647000,1
12.70001,12.82,1885100,0
12.69,12.87,1052600,1
12.87,12.68,1188200,0
12.76,12.79001,1767900,0
12.81,12.99,2002100,0
13.05,13.14,1822600,0
13.08,12.46999,1913000,0
12.46999,12.70001,1134900,1
12.70999,12.83,1387800,0
12.84,12.97001,1901700,0
13.03999,12.72,882200,1
12.72,12.62,963800,0
12.58001,12.09,1329100,0
12.04999,12.09,1040300,1
12.13,12.04999,614600,1
11.99,11.82,1042100,0
11.82,11.59,808500,1
11.70,11.74001,903900,0
11.75,11.95001,1174200,1
11.96,12.01,1300600,1
11.97,12.02,1020100,1
12.04001,12.08,849200,1
12.06,11.80001,845900,1
12.04001,12.97999,7536700,0
12.81,12.82,6591000,0
12.75,12.68,2950300,1
12.70001,13.11,5850000,0
13.09001,12.66,4034800,0
12.68,12.90,2660800,1
12.85001,12.70001,2703800,0
12.76,12.46999,3602100,0
12.43,12.07,3532700,0
12.08,12.00,1638900,0
11.85,11.43,3776900,0
11.31,11.11001,2104500,1
11.04,11.26,1440000,1
11.26,11.20001,1129700,1
11.16,11.15,994100,1
11.12,11.41999,1954900,0
11.53,11.65001,2869100,0
11.69,11.28,1619000,0
11.37,11.47999,1305400,0
11.35,10.99001,1777700,0
10.98,10.60,1679000,0
10.57999,10.75,747800,1
10.69,10.78999,944200,1
10.78,10.89,895200,1
10.89,10.93001,849600,1
10.97,11.03,1166100,0
11.01,11.10,1499600,1
11.10,11.29,2078500,1
11.28,11.40,1269200,1
11.32999,11.20001,1759200,1
11.18,11.23001,924900,1
11.24,11.34,1789000,1
11.28,11.41999,2095400,0
11.40,11.63,2565000,0
11.80001,11.72,3970000,0
11.70,11.81,2274100,0
11.82,11.59999,1947200,0
11.55,11.65001,1258400,1
11.65001,11.75,1725800,0
11.75,11.78,1975700,0
11.80001,11.80001,1329800,0
11.71001,11.82,1555500,0
11.83001,11.73,1842500,0
11.78,11.52,1590600,0
11.58,11.15,1230100,0
11.16,11.34,1151900,1
11.15,11.44,1493600,0
11.49,11.12,977800,1
11.05001,10.63999,1386800,1
10.60,10.69999,801900,1
10.60,10.96001,1388500,1
11.07,10.86,1061900,1
10.86,10.96001,1112000,1
10.90001,10.97,1789500,0
10.96001,11.41,2999300,0
11.37,10.63,1914700,0
10.62,10.12,2452100,0
10.15001,10.18001,1233500,1
10.22,10.03,1206700,1
10.03999,10.27001,1331400,1
6.68,6.53,1886600,0
6.54,6.64,1717900,0
6.52,6.61,1483700,0
6.56,6.65,2296000,0
6.70,6.59,1397300,1
6.48,6.03,1794900,0
6.03,5.96,1254200,0
5.96,6.11,1142800,1
6.13,6.25,2115900,0
6.25,6.10,1420400,1
6.13,6.15,1074600,1
6.16,6.27,1246300,1
6.26,6.10,1188100,1
6.06,5.95,1643000,1
5.95,5.69,2458100,1
5.63,5.50,3554100,0
5.50,5.69,4593500,0
5.66,5.58,3281900,0
5.58,5.67,4282000,0
5.63,5.63,2771400,0
5.59,5.48,1274200,1
5.50,5.41,2048400,1
5.45,5.59,2576300,0
5.70,5.84,4020300,0
5.82,5.79,1881600,0
5.74,5.86,1790800,1
5.85,5.88,2159000,1
5.88,5.77,2060300,1
5.78,5.78,1433600,1
5.79,5.85,1640600,1
5.83,6.03,3457800,0
6.00,6.21,3017700,0
6.21,6.32,3490600,0
6.27,6.18,3632900,1
6.13,6.07,2476400,0
6.01,6.07,1576700,1
6.06,6.15,1352700,0
6.14,6.27,1640500,1
6.27,6.36,4297200,1
6.36,6.25,2324700,1
6.27,6.29,1934900,1
6.29,6.25,1268600,1
6.24,6.37,3210800,1
6.39,6.88,10894900,0
6.77,6.63,5727700,0
6.71,7.01,8655200,0
7.02,6.93,4319900,1
6.91,6.85,4760800,1
6.84,6.75,2463700,1
6.75,6.85,2704800,1
6.87,6.87,2952400,1
6.86,7.21,6770200,0
7.59,7.93,5572500,0
8.40,7.75,19121500,0
7.51,7.38,8541700,0
7.39,7.27,3687000,0
7.24,7.13,3540100,1
7.15,7.17,2469000,0
7.17,7.23,3195700,0
7.22,7.18,3583700,1
7.15,6.94,3022000,0
6.94,7.00,4978300,0
7.01,6.95,2447200,0
6.94,7.08,1856400,1
7.02,6.98,3710300,0
6.96,6.91,2552400,0
6.93,6.70,3061200,0
6.72,6.80,2173000,0
6.86,6.84,2334300,0
6.83,6.79,2567000,0
6.77,6.56,1989700,1
6.58,6.61,1541000,1
6.60,6.62,1135400,1
6.64,6.72,1887100,0
6.70,6.70,2280700,0
6.71,6.51,2079200,0
6.55,6.31,2151200,1
6.32,6.20,1678700,1
6.28,6.26,986600,1
6.29,6.10,1581500,1
6.11,6.20,1127400,1
6.16,6.82,5814800,1
6.70,7.19,9217800,1
7.15,7.20,6077900,1
7.12,7.09,3703500,1
7.05,7.10,3232500,1
7.13,7.43,5822100,1
7.36,7.72,9871800,1
7.70,8.21,8786300,1
8.21,8.00,7455800,1
7.97,8.08,4155600,1
8.58,8.89,12141000,0
9.49,9.00,12923900,0
9.00,9.15,8807900,0
9.02,9.45,9333500,0
9.45,9.30,6477400,0
9.26,8.74,9969700,0
8.77,8.87,5632300,0
8.81,8.74,4266300,1
8.74,8.61,3899400,0
8.68,8.83,5554400,0
8.80,8.76,4181700,0
8.76,9.04,5212000,0
8.83,8.14,9775100,0
8.10,8.29,3323400,0
8.25,8.54,3343200,0
8.50,8.85,3912800,0
8.76,8.74,1793900,0
8.70,8.83,1696500,0
8.88,8.99,2196800,0
9.00,8.75,2149700,0
8.75,8.74,1102100,1
8.67,8.74,1166900,0
8.74,8.40,1634300,1
8.48,8.20,2011800,1
8.29,8.36,1327200,1
8.36,8.27,1584000,1
8.30,8.38,1080500,1
8.38,9.22,5836800,0
9.18,8.86,7593300,0
8.87,9.41,7546400,0
9.20,8.79,9591800,0
8.79,8.73,4857800,0
8.81,8.59,5291500,0
8.59,8.71,2731700,0
8.71,8.69,2275300,0
8.67,8.89,3944300,0
8.88,8.77,3871200,0
8.78,8.57,3139600,0
8.60,8.57,2222100,0
8.60,8.58,2161000,0
8.47,8.24,3543600,0
8.27,8.25,1717200,0
8.20,8.32,1413700,1
8.35,8.29,1504900,1
8.33,8.41,1746000,1
8.36,8.23,1182400,1
8.27,8.31,1396500,0
8.28,8.34,1611000,0
8.36,8.69,3078500,0
8.69,8.67,2027800,1
8.68,8.75,2902500,0
8.83,8.74,1308100,1
8.73,8.74,1299700,1
8.79,8.78,1490800,1
8.80,8.94,2117300,1
8.93,9.10,2879100,1
9.08,9.47,4614100,1
9.44,9.31,4512200,0
9.33,10.24,8080200,0
10.18,10.12,6375400,0
10.22,10.65,6449900,1
10.68,10.82,5088200,1
10.86,10.88,3747700,1
10.70,10.53,3944800,0
10.60,10.21,4731100,1
10.23,10.90,7111700,1
10.90,11.08,5335100,1
11.02,10.60,4573500,0
10.70,10.44,3480100,1
11.48,11.48,6865200,0
11.40,11.50,10996100,0
11.60,11.20,10769700,0
11.17,11.23,4052700,0
11.33,11.22,5216000,0
11.20,10.94,4346000,1
10.94,11.00,2454700,1
10.97,10.75,2991400,1
10.75,10.92,3434700,1
10.98,11.07,3400400,1
11.01,11.77,6593300,0
11.75,11.72,6678500,0
11.72,12.62,10616800,0
12.70,12.86,7460200,0
12.89,12.89,3870900,0
12.90,12.42,5549600,1
12.28,12.62,4330400,1
12.64,12.54,3846600,1
12.55,12.66,5914500,0
12.77,12.77,3654700,0
12.85,13.48,8609700,0
13.30,13.26,4856100,0
12.10,11.93,7950900,0
11.88,11.96,4509900,0
12.09,12.03,2187600,1
12.02,11.82,3241400,1
11.90,12.08,4157100,1
12.01,12.27,4277800,1
12.25,12.27,3321400,1
12.30,12.29,4609200,1
12.29,12.29,5991000,0
12.33,11.94,4409100,1
11.80,11.33,7570500,0
11.32,11.32,5067500,0
11.32,12.06,7371100,0
12.16,12.20,4128600,1
12.19,12.42,5984500,1
12.52,12.37,4813200,1
12.44,12.65,4976500,0
12.83,12.64,5716600,0
13.01,12.35,6039400,0
12.38,11.12,6024700,1
10.41,10.06,8747900,0
10.06,10.07,4610600,1
10.04,10.21,2906700,1
10.21,10.23,1915100,1
10.23,9.21,7213300,0
9.27,9.41,5943100,0
9.32,9.03,6329400,1
9.03,9.25,3407300,0
9.29,9.26,2275300,1
9.26,9.81,6460700,0
9.81,9.52,3528100,0
9.80,10.00,7379100,0
9.98,9.95,3174500,1
10.02,9.99,2896100,0
10.02,9.92,3092600,0
9.86,9.87,2117400,1
9.80,9.91,1323000,1
9.91,10.13,3952900,0
10.03,10.00,2386700,1
9.99,10.07,1961200,1
10.03,10.51,6438000,0
10.41,10.90,6626100,0
10.94,10.93,3685100,0
10.95,11.01,4920800,0
11.06,10.87,3123200,1
10.88,10.93,2647600,1
10.95,11.15,3009200,1
11.11,11.13,3648900,1
11.08,11.13,2191400,1
11.14,11.53,4668300,1
11.49,11.93,5280000,0
11.85,12.12,3710700,1
12.08,11.84,3685800,1
11.89,12.07,2891100,1
12.03,11.28,8281300,0
11.19,11.51,3025100,1
11.52,12.10,3833900,1
12.11,12.00,7047800,1
11.95,11.34,9419500,1
11.30,11.47,5820500,1
11.52,11.60,3950000,1
11.88,12.76,16144400,0
12.97,13.03,13699100,0
13.03,12.75,12200600,1
12.40,12.80,8753300,1
12.75,12.90,8347400,1
13.09,13.58,13775300,0
13.58,14.26,11410100,1
14.38,14.55,13511400,1
14.63,15.52,16299500,1
15.50,14.82,22281500,1
14.61,14.38,12971200,1
14.45,15.20,18413600,1
15.30,15.76,17379500,0
15.55,15.62,19369400,1
15.56,17.14,24107300,1
16.96,16.65,31073400,0
16.45,17.82,26102600,0
17.70,17.87,14283700,0
18.20,18.67,37635400,0
18.68,18.90,40493300,1
17.01,17.01,568700,1
15.31,15.31,948000,1
13.78,13.78,2180100,1
12.40,12.40,10150600,1
11.16,11.99,218187400,0
11.35,11.67,101006500,0
11.71,11.85,66931300,0
11.80,11.69,48437900,0
11.65,11.56,35149000,0
11.60,11.55,24931300,0
11.53,11.72,37674800,0
11.79,11.71,29311800,0
11.70,11.59,27883100,1
11.60,11.53,22297100,1
11.52,11.42,23212800,0
11.41,11.68,28872100,0
11.66,11.67,25402600,0
11.73,11.73,28905700,0
11.75,11.63,23130600,0
11.61,11.57,18302900,0
11.57,11.56,15020200,1
11.54,11.29,21308400,1
11.25,11.29,14933900,1
11.29,10.96,19144500,1
10.90,10.86,15401400,1
10.87,11.62,42161500,1
11.68,11.66,29462600,1
11.68,11.64,23167800,1
11.65,11.69,22359800,1
11.71,12.34,71402800,0
12.28,12.45,55658400,0
12.42,12.49,36031300,0
12.53,12.21,40555300,0
12.19,12.33,29253300,0
12.33,12.29,24857300,0
12.29,11.94,42845800,0
11.85,11.77,26348500,1
11.78,11.84,16762600,1
11.79,11.93,14520200,1
11.92,11.81,18303400,1
11.70,11.81,13428600,1
11.80,12.13,29106500,0
12.14,12.24,34705100,0
12.24,12.29,20231300,1
12.31,12.30,21924400,0
12.31,12.16,22079800,0
12.16,12.29,19622100,0
12.29,12.24,19965100,0
12.18,12.00,22951800,0
11.93,11.81,16064700,0
11.76,11.80,12839900,0
11.79,11.78,11499500,1
11.70,11.47,13094800,0
11.46,11.22,17491500,0
11.28,11.39,8517300,0
11.40,11.20,8987000,1
11.22,11.39,18246200,1
11.30,11.18,10357900,1
11.18,11.18,6755800,1
11.20,11.13,6338200,1
11.16,11.40,10938000,1
11.45,12.54,64118300,0
12.71,12.54,94032900,0
12.62,12.16,42769100,0
12.14,12.59,42972900,0
12.60,12.58,35977100,0
12.51,12.35,25393400,0
12.39,12.29,16340400,1
12.33,12.33,28659800,0
12.33,12.27,20639400,0
12.24,11.52,31556700,0
11.49,11.64,14544200,0
11.64,11.31,18157200,0
11.25,11.32,12551200,1
11.34,11.48,11873700,1
11.47,11.53,10713000,1
11.54,11.47,9930000,1
11.53,11.51,7035800,1
11.53,11.70,15887900,1
11.74,11.80,20885500,0
11.76,11.90,16624800,1
11.96,12.15,29433900,1
12.13,12.10,28275700,1
12.08,11.84,22610200,1
11.85,12.01,20107900,1
12.02,12.06,26207100,1
12.07,12.28,31544800,0
12.41,12.31,35313300,0
12.31,11.95,31769800,0
11.88,12.02,23051600,1
11.96,11.42,26750800,0
11.25,11.62,15234400,1
11.63,11.62,12915200,1
11.61,12.12,27663100,1
12.15,12.23,23352800,1
12.23,12.14,18912300,1
12.14,11.82,15276200,1
11.78,13.00,37742400,1
13.55,13.87,125589200,0
13.59,12.78,58208600,0
12.63,11.90,31716800,0
11.93,12.23,23264300,1
12.31,12.99,42633400,0
12.95,12.61,34535900,0
12.42,12.68,29547700,0
12.60,12.20,22782900,1
12.26,11.99,23275900,1
12.16,12.19,22829200,1
11.97,12.63,30288700,0
12.49,12.64,22723600,1
12.58,12.95,53375300,0
12.70,13.04,52387300,0
13.20,13.28,35550900,0
13.30,12.85,27453900,0
12.81,13.05,23063000,0
13.09,12.98,18587400,1
13.08,13.02,22909600,0
12.63,12.02,31355400,0
12.14,12.34,17854500,1
12.33,12.61,20869200,0
12.57,12.72,22027000,0
12.65,12.44,18577300,0
12.47,12.78,19489100,0
12.82,12.73,20303800,0
12.71,12.52,14071000,0
12.44,12.66,13730800,0
12.70,12.39,12980800,0
12.10,12.11,12149900,0
12.15,12.43,9838700,0
12.42,12.32,8939200,0
12.40,12.12,10803100,0
12.07,12.02,9598400,1
11.94,11.90,6895300,1
11.80,11.97,9266700,1
12.03,12.04,8018000,1
12.03,12.00,7814900,1
12.03,12.12,10079800,1
12.12,12.19,11837000,1
12.19,12.20,13137500,1
12.22,12.33,12641900,1
12.30,12.57,16692100,1
12.53,12.54,15443800,1
12.59,12.70,18219400,0
12.68,12.60,24884100,0
12.63,12.70,14986700,1
12.70,13.23,38104800,0
13.25,12.90,21252800,0
12.86,12.93,15036400,1
13.02,13.03,20191800,1
13.00,12.83,15902500,1
12.90,12.71,14628300,1
12.75,12.92,13622700,1
12.97,13.17,21936600,1
13.26,13.45,33492000,1
13.49,13.58,31835400,1
13.56,14.94,71350100,0
15.35,14.53,66729700,0
14.49,14.77,42561400,0
14.82,15.00,50647600,0
15.04,15.19,45735100,0
15.30,14.68,32839300,1
14.60,14.90,22076500,1
15.05,15.11,38394000,0
15.11,14.90,28701600,1
14.85,15.17,26133900,1
15.17,15.59,36920600,0
15.61,15.54,28791000,0
15.54,15.84,35561800,1
15.84,15.14,35234300,1
15.15,14.64,35547700,1
14.57,14.89,22997900,1
15.09,15.09,25947400,1
15.09,15.47,35685600,1
15.65,15.59,39830300,1
15.50,16.22,47148100,0
16.35,16.66,59615600,0
16.20,18.33,86553400,0
17.91,17.76,53743700,0
17.75,17.84,41789400,0
17.84,17.70,33865500,0
17.40,17.11,29201000,0
17.30,17.24,25743400,1
17.25,16.49,28590400,0
16.49,16.66,17369500,0
16.66,16.92,20328600,0
16.87,16.96,16566900,1
16.99,15.64,26379200,0
15.61,14.85,20740500,1
14.88,14.87,15119100,1
15.10,15.22,16257300,1
15.34,15.70,18475300,1
15.70,15.79,22146500,1
15.78,15.46,21429900,1
15.48,15.25,17557400,1
15.25,15.81,28230300,1
15.77,15.75,21003000,1
15.76,16.01,22854700,1
16.10,16.29,30288900,1
16.30,16.78,29719600,1
16.84,16.90,32135000,0
16.89,17.53,40493200,0
17.56,18.62,56721000,0
18.38,18.10,45324600,0
18.03,16.32,48383800,0
16.25,16.14,32059900,1
16.15,17.02,26025200,1
17.05,17.36,29844100,1
17.30,17.53,31032000,1
17.48,17.99,33942300,0
18.30,19.60,67623000,0
19.60,18.81,46664100,0
18.81,19.15,34335300,0
18.95,18.67,31334600,0
18.60,18.65,24620400,0
18.76,19.59,46123700,0
19.61,18.84,31986500,0
18.80,17.75,27138600,0
17.70,18.17,22898200,1
18.10,17.67,22666700,1
17.02,15.90,24727400,1
15.90,15.98,21354700,1
16.15,16.29,22842000,1
16.40,15.49,24486800,0
15.00,13.94,22883200,1
14.35,12.55,24927500,1
12.56,13.36,26986000,0
13.20,12.03,25165600,1
12.04,10.83,24068400,1
10.38,9.75,25262500,1
10.72,9.08,37323000,0
8.67,8.17,17080300,1
7.35,8.09,65298700,0
8.09,8.90,26634100,1
9.40,9.79,26817800,0
10.25,10.77,32575000,0
10.80,10.48,45349700,0
10.15,9.43,20735500,1
9.43,9.80,28073200,0
9.87,10.51,22085700,1
10.76,10.94,31907300,0
10.67,10.85,24261300,0
10.89,11.02,23235000,0
11.05,11.34,26539600,0
11.36,11.00,30320900,0
10.65,9.90,20558600,0
9.60,9.61,23911100,0
9.72,10.37,14710400,1
10.36,10.13,18529700,0
9.92,10.29,12670200,1
10.20,10.63,18167900,1
10.63,11.25,19106700,1
11.22,10.96,18523600,0
10.67,10.79,10349200,1
10.92,11.25,14487600,1
11.39,11.83,23464400,0
11.79,11.65,21875700,1
11.55,11.20,14167700,1
11.28,11.67,13231100,0
11.78,11.88,19252600,0
11.86,12.30,21666400,0
12.38,11.07,22572000,0
10.65,11.24,16646500,1
11.09,10.52,12270000,1
10.30,9.47,14487900,1
8.54,8.52,11283200,1
7.69,7.67,11956100,1
7.72,7.08,16746000,0
7.26,7.56,12928000,0
7.70,8.32,18550200,1
8.29,7.97,15467600,1
8.02,7.54,14161400,1
7.02,7.45,14015900,1
7.77,8.20,6788300,1
8.59,9.02,34044800,0
9.79,9.46,47976800,0
9.11,8.97,28134800,1
8.87,8.94,17751600,1
9.83,9.67,54720700,0
9.01,8.70,29510800,0
8.50,9.47,38573800,0
9.19,8.82,35194100,0
8.62,8.70,21564400,1
8.45,8.90,20550800,0
8.99,9.05,23758300,0
8.81,9.05,23665800,0
9.10,9.39,30554100,0
9.42,8.63,22854400,0
8.64,8.78,10540500,1
8.65,8.38,10763000,1
8.49,8.40,7015000,1
8.74,8.70,12080300,1
8.72,8.85,13710000,1
8.87,9.30,22205900,1
9.27,9.35,19688300,0
9.30,9.30,18146400,1
9.36,10.23,29970900,0
10.30,10.24,31755500,0
10.33,10.12,22495700,0
10.11,10.17,18825200,1
10.15,9.15,32805200,0
9.10,9.33,20462400,0
9.35,9.48,19735900,0
9.66,9.71,22243100,0
9.62,10.02,24071600,0
9.98,9.52,19330400,0
9.58,9.56,12815500,1
9.60,9.57,13359800,1
9.35,9.25,11346300,1
9.35,9.17,8734400,1
9.20,9.65,14951500,1
9.70,9.70,27242600,0
9.74,9.94,20971300,1
9.83,10.05,24053000,0
9.91,10.13,19599600,1
10.15,10.41,22243900,0
10.42,10.10,25531500,0
10.03,10.37,37484800,0
10.00,10.46,21684300,0
10.50,10.31,27087000,0
10.31,10.01,18703900,0
10.05,10.20,11814800,1
10.22,10.16,22273100,1
10.12,10.02,16661400,1
10.02,10.24,15618200,1
10.28,10.33,18189000,1
10.35,10.11,19582200,1
10.15,10.49,49706300,0
10.40,11.17,73396300,0
10.80,11.05,43649500,0
10.84,10.44,28617400,0
10.51,10.73,23572600,0
10.60,11.08,39846800,0
11.02,11.09,24590500,0
11.00,10.51,22274300,0
10.40,10.06,22581600,0
10.00,9.92,14607600,1
9.90,9.91,11124100,1
9.81,10.16,11849800,1
10.16,10.07,9650200,1
10.15,10.07,9416400,1
10.13,10.32,16066900,0
10.30,10.09,15262800,0
10.00,10.21,14856200,0
10.19,10.28,13027000,0
10.28,10.31,19176900,1
10.30,10.11,12185800,1
10.14,9.96,11851600,1
10.00,9.97,8971600,1
9.99,10.08,7690700,0
10.19,10.00,19591400,0
10.23,9.05,17030400,1
8.74,9.17,18015200,0
9.17,9.29,13018300,0
9.13,8.37,4231200,1
8.52,8.48,17794700,0
8.30,7.63,18824300,0
7.73,7.68,12507000,0
7.68,7.32,9616300,1
7.06,7.51,14850400,0
7.45,7.08,11059700,0
6.88,7.21,9018000,0
7.22,7.50,11425600,0
7.43,7.66,13549600,0
7.45,7.20,9971900,0
7.25,7.33,7203400,1
7.43,7.41,5950000,1
7.37,6.69,10284200,0
6.80,6.71,11055600,0
6.62,6.45,7442000,0
6.45,6.71,10177700,0
6.71,6.59,6902400,0
6.62,6.80,7968500,1
6.70,6.78,5908300,1
6.80,6.89,7183400,1
6.89,6.77,6626700,1
6.50,6.63,5997600,1
6.68,6.91,11066900,0
6.91,7.02,11153300,0
7.14,7.04,9949600,1
7.04,7.10,6871800,1
7.18,7.23,9354500,1
7.24,7.25,9834300,0
7.27,7.32,10798300,0
7.29,6.60,15034700,0
6.80,6.66,8537300,1
6.67,6.24,9838400,0
6.30,6.38,7386500,1
6.39,6.72,10582900,0
6.71,6.81,9828000,0
6.78,6.79,11793800,0
6.86,6.92,9471100,0
6.88,6.88,10797100,0
6.71,6.67,6323500,0
6.70,6.61,5340200,1
6.50,6.60,4033400,1
6.64,6.82,8702900,1
6.79,6.79,5603100,1
6.83,6.68,6089200,1
6.72,6.90,10909600,0
6.91,7.07,14314900,0
7.10,7.28,17351200,0
7.28,7.23,12233200,0
7.23,7.26,7067600,1
7.22,7.12,8680700,1
7.12,7.18,7445600,1
7.19,7.25,13109700,1
7.20,7.12,8485500,1
7.14,7.36,9674100,1
7.42,7.46,14666300,0
7.48,7.34,9759300,1
7.35,7.88,19188300,0
7.78,8.05,23493400,0
8.01,7.66,15459200,0
7.60,7.70,11917200,0
7.71,7.84,18431500,0
7.81,7.79,9035600,0
7.83,7.83,17900800,0
7.88,7.80,11079500,0
7.81,7.72,10483000,1
7.68,7.59,7020400,1
7.63,7.65,5781400,1
7.67,7.22,12807100,1
7.18,7.19,7637100,1
7.48,7.91,18684900,0
8.30,7.83,37932200,0
7.72,8.02,22737700,0
8.12,7.92,23171400,0
7.81,7.83,14263500,1
7.77,7.79,8051500,1
7.81,8.04,13331600,0
8.00,7.96,10471900,0
7.92,8.15,15320000,0
8.13,7.73,18194600,0
7.72,7.52,11023600,1
7.52,7.73,9186500,1
7.75,7.67,6630900,1
7.59,7.70,6457700,1
7.72,8.00,14689000,0
7.91,8.02,12557800,0
8.00,7.93,9403800,0
7.87,7.57,9277100,0
7.55,7.60,7456100,0
7.51,7.65,5431200,1
7.65,7.80,7029600,1
7.79,7.67,6114600,1
7.72,7.72,4778200,1
7.70,7.70,6389500,1
7.65,7.67,5834300,1
7.64,7.96,14387000,0
7.98,8.15,18103900,1
8.12,8.09,16282400,1
8.11,8.24,13559300,1
8.21,8.20,10186400,1
8.22,8.09,8861800,1
8.11,8.36,20302500,0
8.34,8.55,18651600,0
8.43,8.05,19895900,0
