18.12,18.01,18003500,
18.2,18.02,17786500,0
18.3,18.19,18312400,0
17.93,18.29,35631500,0
17.84,17.95,17538100,1
17.69,17.74,11621200,1
17.65,17.7,11065000,1
17.68,17.67,13766200,1
17.48,17.55,10725900,0
17.5,17.55,14080600,1
17.31,17.45,11140600,1
17.44,17.35,10380800,1
17.25,17.56,30962400,0
17.29,17.25,9765100,1
17.23,17.29,11045600,0
17.37,17.24,11013800,1
17.43,17.41,14668900,0
17.55,17.45,11941100,0
17.38,17.48,16846600,0
17.71,17.51,21947500,1
18.07,17.73,23406700,0
18.06,18.06,14936600,0
18.06,18.08,23118900,0
17.95,18.12,27776700,1
17.83,17.83,23065900,1
17.93,17.9,15728400,0
17.97,17.86,13838800,0
17.87,17.92,15739400,0
18.15,17.88,24294300,1
18,18.24,28178100,0
17.82,18.12,48212900,1
17.89,17.96,46614600,1
17.95,17.9,27246300,1
17.75,17.81,28084100,0
17.95,17.89,34773500,1
17.9,17.8,15796200,0
17.73,17.74,35189700,0
17.69,17.62,14100700,1
17.6,17.67,24117600,0
17.56,17.6,17132200,1
17.95,17.69,29047700,1
18.03,17.96,23428700,0
17.94,18.17,42622200,0
17.98,18.18,35790500,1
17.98,17.93,23762100,1
17.65,17.87,35562100,0
17.53,17.45,19151100,1
17.78,17.45,24521600,0
17.72,17.74,13619100,0
18.11,17.72,27448200,1
18.16,18.13,27830700,0
18.09,18.15,43760800,0
17.78,18.06,42001500,1
17.79,17.84,55987900,1
17.81,17.7,68635800,1
16.92,18.03,108404300,0
16.95,17.02,37540900,1
16.88,16.86,56922200,1
17.51,16.97,98240300,0
17.98,18.45,67296300,0
17.24,18.38,78413400,1
16.84,17.3,47162800,1
16.6,16.61,27779100,1
16.5,16.76,25380900,1
16.99,16.5,29139500,1
16.52,16.9,47429000,0
16.76,16.58,38902100,1
16.75,16.68,44291300,0
16.96,16.66,38279700,0
17,17.03,23558900,0
16.84,17.02,42007300,1
17.22,16.58,34197100,1
17.61,17.25,35968600,0
17.78,17.77,29807100,0
17.43,17.68,32729000,0
17.8,17.58,46723100,1
17,17.92,54838800,0
17.57,17.39,47869300,1
17.17,17.45,55374400,0
17.21,17.05,90177100,1
17.74,17.49,71918200,0
17.8,17.51,11350400,0
17.9,18.1,46772600,0
17.51,17.96,58054700,1
18.28,17.8,42240600,1
18.52,18.27,27936100,0
18.71,18.57,35687300,0
18.63,18.74,47288400,0
19.37,18.7,49980600,1
19.02,19.32,55427900,0
18.85,19.04,57171500,1
18.91,18.88,66128100,1
19.01,18.9,53122700,0
18.79,19.14,82490000,0
18.49,18.81,92211900,1
18.26,18.49,53304000,1
18.36,18.18,38700600,1
18.44,18.31,51685700,0
18.31,18.45,70736900,0
19.01,18.6,87066800,1
19.34,19.27,57091300,0
19.58,19.23,92049400,0
19.28,20.1,239884900,0
18.71,19.45,83346800,1
19.27,18.71,70275800,1
19.7,19.25,110346300,0
18.51,19.85,153608000,0
18.35,18.66,63430500,1
18.44,18.65,97633800,1
19.16,18.53,105608700,1
19.5,19.37,214944200,0
18.9,19.67,326524700,0
18.9,19.05,129389100,1
18.51,19.06,171203700,1
17.81,18.47,148206200,1
17.3,17.9,102543400,1
17.47,17.39,57584500,1
17.46,17.44,63539200,0
17.34,17.42,45144600,0
17.2,17.58,73433100,1
17.8,17.36,77790100,1
18.41,17.73,92130200,0
18,18.37,140427100,0
17.92,18.15,157820000,1
17.52,17.88,127594200,1
16.85,17.71,231799700,1
16.43,16.84,65053900,1
16.4,16.46,60485000,1
16.3,16.41,38122700,1
16.5,16.39,45465400,1
16.3,16.59,75760500,0
16.26,16.31,74226200,1
16.23,16.32,74933900,1
16.03,16.28,101041000,1
15.81,15.9,44297800,1
15.98,15.97,54698800,1
15.9,16.06,93633300,0
15.97,15.9,41525800,1
16.8,15.87,140057100,0
15.95,16.63,211038100,0
15.79,15.97,114190200,1
15.55,15.92,91425800,1
15.15,15.59,136070900,1
14.95,15.27,78862500,1
14.91,14.95,54580600,1
14.97,15.05,38673800,1
14.96,14.97,40488300,1
15.16,15.03,40899200,1
15.34,15.11,50848600,0
15.31,15.43,74128900,0
15.53,15.46,107602400,1
15.5,15.93,183936600,0
15.35,15.56,288708500,1
15.06,15.25,205749000,1
14.91,15.16,241917500,1
14.52,15.06,330814200,1
14.73,14.5,287948600,1
14.9,14.89,255045200,0
14.66,15.33,304904700,0
14.2,14.96,202628500,1
14.1,14.24,208950900,1
13.16,13.98,212008800,1
12.65,13.02,235214600,1
12.54,12.39,289470600,1
13.93,12.87,334859400,0
14.61,14.22,123792800,0
14.94,14.68,88124700,0
14.87,15,199062100,0
15.35,14.87,198445200,1
15.41,15.32,120892000,0
15.47,15.49,66356000,0
15.47,15.45,74034200,1
15.4,15.39,79184300,0
15.7,15.57,105104100,0
15.45,15.78,116938200,0
15.58,15.47,65302200,1
15.16,15.38,65377900,0
15.6,15.31,58185800,1
15.48,15.63,85154300,0
14.99,15.53,212367100,1
14.97,15.07,234941200,1
15.29,14.9,118921700,1
15.22,15.29,135858700,0
14.68,15.24,246095100,1
16,14.92,225091500,1
16.43,16.14,123609100,0
16.24,16.43,114525400,0
16.33,16.16,120352700,1
16.58,16.38,156268200,0
17,16.68,172918100,0
17.03,17.02,195927500,0
17.07,16.96,181402600,0
16.7,17.07,348253500,0
16.78,16.75,305725800,1
16.99,17.04,372594600,0
16.76,17.28,647768500,1
15.95,16.95,545237200,1
16.2,15.95,837950400,1
16.94,17.57,713763500,0
17.4,17.22,659421900,1
16.39,15.87,312701000,0
16.5,16.37,322264800,0
16.81,16.32,250556000,0
15.93,16.96,375411200,0
16.3,15.91,420675700,1
16.43,15.85,361776700,0
17.6,16.71,271649000,0
17.03,17.25,257825300,0
16.45,17.02,297748900,1
17.58,17.07,278090200,1
18.09,17.72,278296700,0
18.49,18.2,513118600,0
19,18.43,362420100,0
18,18.63,471864900,0
17.89,17.9,244139700,1
17.93,17.84,224935500,1
17.04,17.93,286379200,0
17.08,17.04,256087300,1
18.1,17.04,334032200,0
18.44,18.07,296942300,0
18.22,18.39,301665300,0
17.85,18.14,273874700,1
17.46,17.76,248087500,1
17.25,17.32,166403400,1
17.04,17.15,265675700,1
16.37,17.04,242251200,1
16.62,16.38,187555200,1
16.91,16.78,209597200,0
17.1,16.99,192361900,0
17.33,17.07,245244500,0
17.25,17.24,219176300,0
16.98,17.27,277153400,0
17.19,17.11,184560000,1
17.03,17.07,214390700,0
17.08,17.06,303607800,1
17.73,17.08,375386400,0
18,17.81,258064500,0
18.28,18.07,412760500,0
18.27,18.53,358393700,0
18.24,18.3,600054000,1
17.72,18.17,384541400,1
17.8,17.68,422927100,1
18.5,18.22,363593600,0
18.3,18.5,420766700,0
17.75,18.16,368194600,1
18.72,17.9,572435800,1
18.95,18.6,490159300,0
17.97,18.65,415984500,0
17.8,17.96,449643900,1
18.03,17.89,372837000,1
17.99,18.03,581406600,0
16.86,17.53,451543400,1
17.05,16.87,497335400,1
16.73,17.02,514816400,0
16.5,16.71,502260200,1
16,16.2,320361500,1
16.3,16.18,410087600,1
15.79,15.95,305878300,0
16.48,15.79,494049200,1
15.55,16.02,487442600,0
15.32,15.36,218174900,1
15.15,15.36,282340700,1
15.6,15.24,331730300,1
15.89,15.69,324657500,0
15.82,15.91,357592700,0
15.62,15.75,456531200,1
15.88,15.64,316770900,1
15.57,15.88,354655100,0
15.6,15.54,309677600,1
15.56,15.47,316116600,0
15.19,15.29,440178400,0
14.65,15.12,632781900,1
14.17,14.25,215069700,1
14.32,14.1,254844700,1
13.81,14.51,434801500,0
13.58,13.63,128036300,1
13.84,13.58,226504500,1
14.05,13.91,156596000,0
14.44,14,266372400,0
14.58,14.48,218763200,0
14.6,14.53,195606800,0
14.25,14.62,215013900,0
14.48,14.28,140932500,1
14.42,14.47,120665200,0
14.43,14.4,139220000,1
14.5,14.43,208366800,0
14.42,14.35,148954100,0
14.43,14.42,124127100,0
14.15,14.43,183693500,0
14.06,14.16,224585500,1
14.09,14.09,186547500,1
14.75,14.18,394332700,0
14.5,14.18,167896200,0
14.21,14.45,196263500,0
14.06,14.04,211617600,1
14.58,14.47,207865300,0
14.58,14.42,266968000,0
14.82,14.81,242203000,0
15.44,15.01,351914000,0
15.56,15.43,268566900,0
15.74,15.63,320043000,0
15.73,15.63,294738200,0
15.1,15.74,487540300,0
14.88,15,479215700,1
15.38,14.82,623520900,1
16.24,16.47,480245900,0
15.49,16.12,329826800,1
15.31,15.49,309018800,1
15.13,15.18,178404900,1
15.5,15.22,367787200,1
15.2,15.43,491999900,0
15.87,15.25,330627100,1
15.9,15.81,385716800,0
16,16.13,511684500,0
15.94,16.07,513568700,1
15.45,15.69,468832300,1
14.95,15.36,443655500,1
15.4,14.95,625216100,1
14.3,14.77,466983100,0
13.75,14.25,455721900,1
14.11,13.46,417579500,1
14.4,14.11,441578800,0
14.18,14.68,683449500,0
13.96,14.09,436244200,1
14.22,13.89,499627800,1
13.49,14.11,869703600,0
12.88,13.29,438688000,1
12.8,12.76,335025400,1
13.05,12.98,310558700,0
12.96,13.05,442571200,0
12.7,13.16,620272400,1
13.56,12.65,869193800,1
13.39,13.81,703922500,0
13.42,13.53,859647600,1
12.58,13.27,720041600,1
12.84,12.58,730561400,1
12.03,12.87,589371000,0
12.45,12.16,607270300,1
11.53,12.4,832183200,0
11.48,11.48,439738300,1
11.25,11.32,452263300,0
10.81,11.08,289490100,1
10.57,10.86,474049900,1
10.58,10.79,209997600,1
10.45,10.57,162402500,1
10.43,10.47,145326600,1
10.75,10.45,254900900,1
10.94,10.75,214519800,0
10.88,10.9,198414300,0
11.1,10.94,371263900,1
10.85,11.05,271038500,0
10.62,10.92,653738900,1
10.53,10.55,489376800,1
10.01,10.18,407114100,1
10.01,10.03,101863000,1
10.08,9.99,157561400,1
10.2,10.07,163212600,0
10.25,10.16,248371600,0
9.88,10.2,491064700,0
9.72,9.81,176780500,1
9.61,9.7,161050600,1
9.5,9.59,101044000,1
9.62,9.47,138929400,1
9.77,9.68,108312600,0
9.78,9.75,118416300,0
9.79,9.78,90011900,0
9.89,9.78,105290600,0
9.93,9.9,114718700,0
9.88,9.85,161019800,0
9.74,9.89,296366800,0
9.72,9.79,133922200,1
9.72,9.72,84002900,1
9.79,9.73,109831200,0
9.8,9.83,133030100,0
9.85,9.85,130968200,1
9.78,9.84,142724400,0
9.78,9.75,105093200,1
9.75,9.76,121763000,0
9.69,9.72,80598300,1
9.79,9.71,137216300,1
9.61,9.76,152637300,0
9.61,9.63,88224100,1
9.83,9.61,155546800,1
9.72,9.85,286004700,0
9.56,9.73,218993800,1
9.63,9.57,116577400,1
9.65,9.62,222751500,0
9.56,9.6,99444400,0
9.61,9.6,80296400,1
9.6,9.6,119763100,0
9.65,9.59,111659500,0
9.75,9.7,123866000,0
9.73,9.74,126925900,0
9.7,9.71,98919200,1
9.63,9.68,128588100,1
9.51,9.6,128705700,1
9.49,9.49,68578000,1
9.4,9.47,53881600,0
9.45,9.36,70289100,1
9.45,9.45,54628700,0
9.43,9.46,85213600,0
9.52,9.44,90596100,1
9.5,9.54,76885700,0
9.64,9.5,118057100,1
9.71,9.64,70135500,0
9.78,9.71,99796100,0
9.69,9.72,96111600,0
9.63,9.68,83507800,1
9.63,9.6,102325600,1
9.64,9.61,97201600,0
9.69,9.64,80856100,0
9.57,9.7,99902300,0
9.56,9.54,120982700,1
9.75,9.56,141244200,0
9.83,9.74,134531000,0
9.92,9.87,116942000,0
9.82,9.92,167001300,0
9.77,9.76,199316200,1
9.69,9.8,113003600,0
9.89,9.71,182728200,1
9.8,9.78,203049400,0
9.44,9.76,315856600,0
9.38,9.39,134460900,1
9.09,9.32,235007400,1
9.04,9.08,95071800,1
8.96,9.06,101186400,1
9.01,8.98,43394500,1
8.98,9.02,60143500,0
9.03,8.99,43076100,1
9.01,9.02,57758000,0
9.01,9.01,57331600,1
8.93,9,50192300,0
8.92,8.94,58461200,1
8.92,8.92,43284700,1
9.05,8.92,75829600,0
9.05,9.05,52592900,0
9.07,9.05,42831400,0
9.08,9.07,47263900,0
9.06,9.07,64553200,0
9.06,9.06,41262700,1
9.08,9.06,42584500,0
8.98,9.05,52645000,0
8.99,8.97,42713200,1
8.98,8.99,43052400,0
9.05,8.98,46797700,1
9.05,9.04,83305500,0
9.71,9.66,86019500,0
9.64,9.7,57665700,0
9.74,9.64,68906400,1
9.73,9.73,66459900,0
9.83,9.73,91317000,0
9.73,9.81,118477300,0
9.55,9.73,129624900,1
9.57,9.54,42917600,1
9.59,9.59,46334800,0
9.59,9.63,68256800,0
9.46,9.54,58231700,1
9.6,9.51,53426000,1
9.45,9.62,56500300,0
9.55,9.45,86246400,1
9.59,9.54,70641200,0
9.62,9.57,69096800,0
9.68,9.62,75258500,0
9.66,9.68,92478300,0
9.73,9.66,74436100,1
9.76,9.74,54108900,0
9.61,9.7,47057300,0
9.59,9.6,71688600,1
9.52,9.6,54298000,1
9.56,9.55,64057700,1
9.72,9.52,137405900,0
9.7,9.75,57142200,0
9.79,9.73,70426900,1
9.89,9.81,114355100,0
9.9,9.9,66182500,0
9.85,9.93,129589500,0
9.75,9.76,74829300,1
9.66,9.75,95225800,1
9.69,9.66,55972700,1
9.7,9.7,58797600,0
9.77,9.74,103509000,0
9.98,9.77,142558900,0
9.67,9.8,88443300,0
9.82,9.67,123425100,1
9.92,9.84,180573500,0
9.9,9.87,82309400,0
9.85,9.88,136419500,0
9.68,9.9,141231400,1
9.74,9.71,131392300,1
9.73,9.78,115394400,0
9.93,9.76,147878400,1
9.82,9.9,100765500,0
10.07,9.85,176166100,1
10.25,10.12,133566600,0
10.18,10.25,187981800,0
10.14,10.23,251774100,1
10.12,10.1,166971700,1
9.71,10.14,389948100,0
9.62,9.73,103710100,1
9.94,9.67,202589100,1
9.75,9.94,221487000,0
9.66,9.73,121142200,1
9.7,9.72,117957900,1
9.64,9.67,235609600,1
9.53,9.69,310183400,1
9.78,9.58,188654700,1
9.76,9.75,225324400,0
9.89,9.8,550938100,0
8.98,9.89,577730100,0
8.96,8.99,166058700,1
8.85,9.05,93838200,1
9.22,8.89,167965300,1
8.78,8.99,179769200,0
8.76,8.84,198115800,1
8.47,8.56,110468600,1
8.43,8.46,71119500,1
8.67,8.44,100335900,1
8.8,8.73,85996600,0
8.7,8.8,105221600,0
8.86,8.7,66776200,1
8.84,8.87,113473800,0
8.91,8.85,81389900,1
8.9,8.91,75427800,0
8.85,8.94,112556000,1
8.81,8.85,79811000,1
9.01,8.83,112988100,1
9.2,9.01,135269200,0
9.39,9.29,81919100,0
9.53,9.39,144607300,0
9.25,9.49,150729700,0
9.51,9.26,131972200,1
9.62,9.52,107916200,0
9.6,9.59,80503200,0
9.48,9.6,197765100,0
9.5,9.5,106449300,1
9.31,9.54,212392400,0
9.18,9.29,91573100,1
9.13,9.18,51136900,1
9.27,9.17,52508900,1
9.24,9.29,71042800,0
9.12,9.19,57333600,1
9.19,9.12,69858600,1
9.17,9.23,70757200,0
9.31,9.22,63055400,1
9.18,9.34,91387200,0
9.1,9.16,47596000,1
9.1,9.07,42094700,1
9.17,9.12,66047400,0
9.22,9.18,67204700,0
9.39,9.23,77606600,0
9.4,9.4,79710200,0
9.44,9.39,65935300,0
9.28,9.41,93379900,0
9.2,9.29,109976700,1
9.14,9.2,78603400,1
9.17,9.14,72150900,1
9.31,9.19,117267700,0
9.28,9.14,88351900,0
9.44,9.33,69821000,0
9.21,9.43,107237000,0
9.3,9.2,70408700,1
9.09,9.24,88052300,0
9.26,9.09,82518600,1
9.33,9.27,89003200,0
9.37,9.34,71802900,0
9.41,9.34,63014800,0
9.63,9.36,107593800,0
9.75,9.61,71003500,0
9.71,9.71,55191700,0
9.76,9.69,78126200,0
9.85,9.74,119802100,0
9.84,9.83,98124600,0
9.91,9.88,89839000,0
10.11,9.93,127176700,0
10.12,10.14,89476500,0
10.21,10.11,111336300,1
10.34,10.22,157734000,0
10.4,10.35,150565400,0
10.24,10.4,283303300,0
10.27,10.26,178953700,1
10.1,10.32,408952600,0
10.06,9.99,112491900,1
9.95,9.96,121839000,0
9.87,9.93,134357100,1
9.9,9.9,72857600,1
9.99,9.93,96767000,0
10.05,10.06,131116900,0
10,10.07,172340700,1
10.01,10.05,125986500,1
10.1,9.97,128516600,1
9.75,10.1,231275900,0
9.49,9.68,180564500,1
9.6,9.49,169111000,1
10.04,9.64,208714400,0
10.01,10.12,119655100,0
9.99,9.97,79759200,1
10.02,9.98,110388700,0
10.08,10.05,114983800,0
10.07,10.03,151026500,0
10.22,10.2,172536500,0
10.48,10.3,138786300,0
10.32,10.42,164057200,0
10.58,10.33,211637500,1
10.48,10.59,301165800,0
10.22,10.48,494214000,1
10.08,10.15,164098100,1
10.01,10.07,256524200,1
9.96,9.98,170003400,1
9.95,10.02,260513100,1
10.11,9.93,156011400,1
9.95,10.12,211850900,0
9.82,9.88,129849700,1
10.01,9.82,145253400,1
10.09,9.91,217322900,0
10.3,10.11,212323900,0
10.45,10.29,274009300,0
10.1,10.55,441961200,0
10.3,9.98,249225000,1
10.1,10.27,244015200,0
10.03,10.23,258444100,1
10.34,10.09,256510900,1
10.11,10.24,243782400,0
10.75,10.17,448493800,1
10.74,10.78,384146100,0
11.19,10.81,476900600,1
11.05,11.18,453630100,0
10.95,11,400172100,1
11.41,10.83,511737900,1
12,11.49,699493300,0
12.08,11.91,661646500,0
11.3,12.25,1041527500,0
11.21,11.27,603551000,1
11,11.4,124282200,1
10.28,10.53,580189200,1
9.15,9.57,301015100,1
9.19,9.13,93544400,1
9.04,9.14,142450000,0
8.96,9.09,140383600,1
9.11,8.97,141236900,1
8.86,8.99,129143300,0
9.11,8.92,146496900,1
8.88,9,243574900,0
8.75,8.95,224672900,1
8.45,8.74,161720100,1
8.54,8.42,117530000,1
8.41,8.44,60326400,0
8.53,8.45,65732200,1
8.42,8.51,153605600,0
8.24,8.45,124704700,1
8.17,8.31,264712600,1
8.31,8.22,67134700,1
8.44,8.31,121903600,0
8.3,8.42,118672500,0
8.04,8.31,142760800,1
8.05,8.01,55483500,1
8.01,7.99,54611300,0
8.03,8.01,68679900,0
8.03,8.03,82798400,0
7.98,8.06,53056100,0
8.06,7.98,57767100,1
7.92,7.99,58959300,0
7.91,7.86,50335400,1
7.78,7.84,68907600,0
7.9,7.74,84518500,1
7.98,7.97,42800500,0
8.02,8.02,62010800,0
8.04,8,87410500,0
7.99,8.14,115906500,0
7.9,7.95,95552000,1
8.22,8.03,76242200,1
8.41,8.2,99044300,0
8.52,8.45,79489700,0
8.52,8.54,78430400,0
8.55,8.56,103850900,1
8.76,8.49,162211300,1
8.17,8.86,274152400,0
7.95,8.11,60829100,1
7.92,7.92,40964500,1
8,7.91,63977500,0
8.11,8.11,58764300,0
8.06,8.12,85794400,0
8.1,8.04,69690300,1
8.18,8.15,84019500,0
8.22,8.17,86027000,0
7.82,8.28,157753900,0
7.85,7.88,125823200,1
7.9,7.77,130788900,1
7.45,7.8,246601200,0
8.29,7.52,249977300,1
8.31,8.28,147442600,0
8.86,8.42,137571500,0
9.05,8.89,53104700,0
9.05,9.07,40358800,0
9.05,9.01,52039100,1
9.07,9.02,77530600,0
9.25,9.02,127820200,0
9.51,9.35,72344000,0
9.61,9.45,72417600,0
9.74,9.65,56405700,0
9.89,9.74,60164500,0
9.97,9.84,83186000,0
10.56,10.47,101875600,0
10.48,10.54,89454700,0
10.58,10.52,91459000,1
10.3,10.55,111377100,0
10.21,10.29,69546900,1
10.2,10.2,63230900,1
10.29,10.15,82484700,0
10.33,10.36,71207600,0
10.38,10.34,91775200,1
10.26,10.41,156851100,0
10.15,10.24,122955100,1
9.99,10.15,111647300,1
9.98,9.99,47275900,1
10.03,9.97,67348000,1
10.02,10.02,66994300,0
9.93,10.03,63127000,0
10.06,9.97,64667300,1
10.12,10.05,72153500,0
10.09,10.06,60095900,0
10.03,10.13,87865200,0
9.87,10.01,109373400,1
9.77,9.82,80667800,1
9.96,9.88,52806400,1
10,9.91,74320300,0
9.86,10.03,105005000,0
10.28,9.84,108826800,1
10.11,10.22,123343700,0
9.65,10.14,178675000,1
9.46,9.63,103421900,1
9.74,9.59,86278500,1
9.75,9.74,126274700,0
9.94,9.83,75763600,0
10.03,9.94,41832200,0
10.08,10.02,43303700,0
10.03,10,54586800,0
9.96,10.04,65806500,0
9.87,9.92,89499000,1
10.05,10.06,88765700,1
10.07,10.03,83681500,1
10.06,10.05,76052100,0
10.03,10.13,131028700,0
10.2,10.02,298069400,1
10.71,10.76,113814600,0
10.98,10.7,126327200,1
11.13,11.04,89020500,0
11.01,11.06,122824500,0
11.2,11.1,193267900,1
10.68,11.19,253698300,0
10.47,10.65,114470200,1
10.44,10.48,142604400,1
10.47,10.51,214299200,1
10.4,10.45,163419300,1
10.29,10.25,105764400,1
10.46,10.29,132298600,0
10.67,10.47,94081200,0
10.81,10.71,103046400,0
11.02,10.76,191555100,0
11.16,11.11,205631600,0
10.36,11.07,233607700,0
10.86,10.39,261002000,1
11.07,11.17,223208900,0
10.55,11.06,224658400,1
10.36,10.39,158815700,1
10.2,10.33,238592600,1
10.21,10.32,116274500,1
10.19,10.14,143226400,1
10.65,10.22,290791300,0
11.1,10.81,264523000,0
11.23,11.1,114565200,0
11.42,11.26,119051800,0
11.4,11.34,195904900,0
12,11.43,315193600,0
11.85,12,133748100,0
11.91,11.87,176944600,1
11.98,12.07,271540500,0
11.41,11.95,223157200,1
11.24,11.48,181147100,1
11.29,11.24,172171400,1
11.21,11.3,191067300,0
10.66,11.18,263089200,1
10.6,10.66,89716800,1
10.6,10.61,320210500,1
10.44,10.6,155968500,1
10.38,10.48,242222000,1
10.2,10.4,178154800,1
10.08,10.16,129872600,1
10.05,10.03,116672000,1
10.28,10.12,156691800,0
10.35,10.33,134039000,0
9.75,10.35,228634800,0
10.07,9.82,171547400,1
10.11,10.04,121226800,0
10.09,10.14,175906100,0
10.34,10.12,154851100,1
10.05,10.32,248200900,0
10.1,10.02,261436800,1
9.64,9.92,198451600,0
9.37,9.59,119599800,1
9.46,9.39,127847900,1
9.46,9.46,96013000,0
9.07,9.45,234226700,0
8.94,9.09,134642700,1
9.06,8.97,130820000,1
8.99,9.06,149750800,0
9.11,9.05,176670600,1
9.01,9.14,234880200,0
9,9.07,254783000,1
8.32,8.9,344394400,1
8.35,8.29,124094500,1
8.29,8.4,174126900,0
8.32,8.28,114930700,1
8.35,8.33,215254800,0
7.93,8.26,229249200,0
7.87,7.89,115134900,1
7.43,7.88,227002000,1
7.33,7.43,34974800,1
7.46,7.35,53769200,1
7.41,7.46,38822200,0
7.46,7.41,39279300,1
7.44,7.44,41978700,0
7.44,7.46,40827500,0
7.5,7.47,28167400,1
7.46,7.51,35819800,0
7.45,7.44,22784800,1
7.35,7.47,28957600,0
7.4,7.35,20252900,1
7.36,7.37,24785300,0
7.41,7.36,33266300,1
7.49,7.42,29220000,0
7.49,7.5,21823200,0
7.62,7.49,37691600,1
7.54,7.63,43645400,0
7.53,7.53,26921200,1
7.63,7.54,38667100,0
7.67,7.69,26193700,0
7.74,7.68,42177100,1
7.7,7.73,56974000,0
7.65,7.68,47587400,1
7.52,7.64,57205100,1
7.49,7.51,36411100,1
7.47,7.48,37082800,1
7.44,7.47,28176800,1
7.54,7.46,49611200,1
7.58,7.53,29807400,0
7.55,7.59,28328500,0
7.66,7.57,32189100,1
7.54,7.65,36799800,0
7.62,7.58,40185500,1
7.55,7.62,51397300,0
7.48,7.55,52658400,1
7.41,7.46,43952500,1
7.46,7.41,22249300,1
7.43,7.45,37953700,0
7.41,7.41,29564200,1
7.43,7.44,27147300,0
7.35,7.45,48620000,1
7.38,7.32,32324500,1
7.28,7.38,62930100,0
7.11,7.32,74565200,1
7.15,7.11,28344200,1
7.16,7.16,23528400,0
7.18,7.17,44280600,0
7.22,7.21,37540600,0
7.32,7.23,48072000,0
7.35,7.34,35316200,0
7.39,7.35,29556400,0
7.52,7.41,39495700,0
7.5,7.52,60554000,0
7.47,7.45,28598500,1
7.53,7.48,41199300,0
7.54,7.49,50981300,0
7.59,7.56,63799000,0
7.42,7.6,145971900,0
7.34,7.38,38370200,1
7.44,7.32,73135900,1
7.56,7.46,44361300,0
7.63,7.58,55393300,0
7.58,7.61,37255100,0
7.5,7.61,44804200,1
7.56,7.55,38419400,1
7.43,7.6,54763700,0
7.45,7.4,40334500,1
7.52,7.49,36963600,0
7.51,7.52,36366400,0
7.52,7.52,35326400,1
7.51,7.51,36268900,0
7.52,7.52,27038200,0
7.52,7.55,33322600,0
7.59,7.53,40630200,1
7.8,7.58,89555200,0
7.76,7.8,39743600,0
7.8,7.75,47282000,1
7.79,7.8,46782900,0
7.75,7.75,32490200,1
7.7,7.73,53821100,0
7.72,7.69,34912500,1
7.73,7.72,46411100,0
7.74,7.74,44045300,0
7.68,7.75,75444100,0
7.67,7.65,62270800,1
7.57,7.66,70118900,0
7.52,7.56,62142400,1
7.42,7.49,58500800,1
7.4,7.4,30350400,1
7.43,7.41,47580400,0
7.43,7.46,48389400,0
7.57,7.45,64501900,1
7.67,7.61,55545500,0
7.65,7.69,77344500,0
7.69,7.67,47630900,1
7.65,7.69,30224200,0
7.75,7.63,46584900,1
7.66,7.73,45202300,0
7.71,7.67,100909300,1
7.69,7.71,32425600,0
7.67,7.7,45089700,1
7.93,7.67,106535400,1
7.92,7.97,115797000,0
8.11,8.07,33635800,1
8.1,8.12,39552400,0
8.09,8.09,40080900,1
8.15,8.09,43691900,0
8.04,8.13,50974200,0
8.05,8.01,28876400,1
8.06,8.05,26966000,0
8.07,8.06,39982500,0
8.42,8.35,52706500,0
8.51,8.44,39423800,0
8.54,8.5,50000100,0
8.47,8.49,47008300,0
8.47,8.46,50212900,1
8.31,8.47,134216000,0
8.3,8.27,80017400,1
8.31,8.29,82431200,0
8.36,8.34,71644800,0
8.51,8.34,140389700,0
8.68,8.56,48026400,0
8.59,8.62,49918800,0
8.62,8.56,69666900,1
8.71,8.59,69367900,0
8.78,8.78,42401600,0
8.79,8.77,67011100,0
8.92,8.82,88036400,0
8.86,8.95,93478600,0
8.8,8.87,52347600,1
8.85,8.79,45887700,1
8.88,8.85,49757200,0
8.95,8.89,61979700,0
8.9,8.96,67549600,0
8.86,8.87,46679600,1
8.92,8.86,61950100,1
8.93,8.97,43092600,0
9.03,8.91,75535700,1
9,9.04,60429900,0
9.21,9.08,70896600,1
9.16,9.16,35532700,0
9.21,9.16,67576200,0
9.3,9.2,65066800,0
9.41,9.36,86721300,0
9.43,9.42,82225700,0
9.47,9.49,71659800,0
9.51,9.46,60560000,1
9.48,9.56,107696900,0
9.39,9.41,47114900,1
9.42,9.37,53826900,1
9.34,9.35,66489000,0
9.23,9.38,113165400,1
9.27,9.24,41839000,1
9.1,9.31,77240800,0
9.1,9.12,48488000,1
8.93,9.12,67117900,1
9.06,8.93,49466000,1
9.08,9.06,38614700,0
9.11,9.14,61175600,0
8.89,9.12,64571600,1
8.87,8.89,39397000,1
8.86,8.92,45147000,1
8.89,8.84,34889800,1
8.93,8.94,56682400,0
8.9,8.93,76352000,1
8.92,8.93,50587000,1
8.94,8.87,48391400,1
9.12,8.97,43565300,0
9.15,9.12,27294600,0
9.05,9.13,33692800,0
9.1,9.06,35268400,1
9.09,9.12,38651100,0
9.18,9.08,51867000,1
9.25,9.12,62725500,0
9.26,9.28,50228000,0
9.25,9.25,72584500,1
9.36,9.19,70673800,0
9.53,9.36,99280300,0
9.39,9.47,61430100,0
9.44,9.38,52784300,1
9.47,9.47,47510500,0
9.39,9.46,54828500,0
9.39,9.34,51077200,1
9.53,9.44,68450300,0
9.74,9.58,66098000,0
9.55,9.69,74013100,0
9.5,9.55,46237800,1
9.67,9.54,77757800,1
9.48,9.66,136121100,0
9.57,9.48,126664000,1
9.35,9.51,128341800,0
9.32,9.33,87754800,1
9.28,9.32,81447700,1
9.27,9.28,42757300,1
9.41,9.26,57740000,1
9.25,9.26,41743200,0
9.25,9.19,47501800,1
9.16,9.23,55064700,0
9.24,9.19,53024800,1
9.25,9.27,49204900,0
9.36,9.37,51836400,1
9.45,9.4,50273800,1
9.23,9.45,64270700,0
9.32,9.24,51391400,1
9.46,9.39,63691200,0
9.35,9.44,97135300,0
9.12,9.4,87973300,1
9.2,9.08,39647800,1
9.24,9.22,35464100,0
9.4,9.22,71883100,0
9.25,9.42,95052700,0
9.05,9.2,68645500,1
9.16,9.04,58089200,1
9,9.2,97357200,0
9,8.97,33100100,1
9.11,9.04,56725300,0
9,9.09,60486900,0
9.05,9,49261100,1
8.95,9.07,72004600,0
8.72,8.95,80136200,1
8.63,8.71,61778600,1
8.47,8.65,132116200,1
8.54,8.41,34201300,1
8.39,8.49,52982500,0
8.39,8.49,52982500,1
8.39,8.49,52982500,1
8.35,8.35,40055000,1
8.43,8.38,42011000,0
8.47,8.44,31075600,0
8.52,8.47,31788700,0
8.54,8.54,23263100,0
8.49,8.53,42682700,0
8.66,8.53,41637600,1
8.58,8.59,38376900,0
8.57,8.61,45264900,1
8.51,8.62,37730200,1
8.56,8.49,41518700,1
8.57,8.6,27334900,0
8.64,8.58,47600700,1
8.68,8.66,23035300,0
8.73,8.7,29514000,0
8.78,8.78,21909600,0
8.74,8.78,23350800,0
8.76,8.73,26440300,1
8.84,8.8,40188300,0
8.78,8.8,38638100,0
8.74,8.81,89049000,1
8.69,8.5,44971800,1
8.66,8.73,25960600,0
8.63,8.6,23967700,1
8.7,8.62,21366500,0
8.62,8.7,24460000,0
8.76,8.69,26370200,1
8.7,8.75,30669900,0
8.84,8.74,32355300,1
8.8,8.8,36819900,0
8.94,8.86,32007400,0
9.18,8.92,64028600,0
9.2,9.18,30013400,0
9.18,9.21,42296900,0
9.06,9.08,25261800,1
9.2,9.05,46636100,1
9.24,9.27,27951600,0
9.24,9.21,31693300,1
9.25,9.18,32870000,0
9.35,9.31,42565000,0
9.38,9.24,84349600,0
9.08,9.36,59397800,0
9.15,9.18,57198900,1
9.35,9.21,50778800,1
9.4,9.38,82502700,0
9.13,9.18,68454800,0
9.18,9.16,66314900,1
8.91,9.16,94932000,0
8.75,8.89,59306900,1
8.77,8.73,50658400,1
8.78,8.84,36188300,0
8.85,8.78,41115300,1
8.84,8.92,46009700,0
8.84,8.83,40504100,1
8.82,8.87,51298700,0
8.54,8.85,89412200,1
8.78,8.57,59130300,1
8.52,8.42,32428400,0
8.48,8.54,60468700,0
8.39,8.45,43757700,1
8.59,8.43,42407400,1
8.52,8.52,40252600,0
8.65,8.44,81748300,0
8.71,8.73,54164800,0
9.01,8.82,53791900,1
8.86,9.09,70353000,0
8.8,8.86,34551600,1
8.91,8.81,41510200,1
9.02,8.98,42224000,0
9.1,8.95,56765000,0
9.2,9.1,50592100,0
9.18,9.15,27627200,0
9.3,9.3,38055800,0
9.3,9.26,28413600,0
9.13,9.29,40598500,0
9.09,9.11,42139500,1
9.2,9.15,30840600,1
9.35,9.29,32039800,0
9.31,9.37,58506000,0
9.18,9.29,34349400,1
9.25,9.19,49166700,1
9.29,9.18,75330900,0
9.42,9.46,61998100,0
9.15,9.48,121038800,1
9.21,9.1,53322200,1
9.03,9.18,48210800,0
9.04,8.98,42762500,1
8.99,9.02,55545000,0
9.32,9.12,40832200,1
9.34,9.28,44535500,0
9.35,9.35,92194000,0
9.07,9.37,89493400,0
9.12,9.03,51162600,1
8.73,9.1,74782500,0
9.02,8.91,67295800,1
8.52,8.87,110925100,0
8.95,8.73,98624700,1
9.09,9.03,71952100,0
9.31,9.28,30410500,0
9.19,9.26,31523800,0
9.25,9.26,41364900,1
9.33,9.32,44930000,1
9.25,9.4,95487700,0
9.33,9.22,65663800,1
9.38,9.39,48213100,0
9.43,9.42,45125000,1
9.65,9.43,88189000,0
9.75,9.7,52488300,0
9.83,9.73,73648900,0
9.9,9.84,63761000,0
9.94,9.85,77790400,0
10.1,10,88296100,0
10.05,10.09,66656000,0
10,10.1,72244500,1
9.93,10.01,60517200,1
9.97,9.88,73779700,1
10.05,10.05,77297500,0
9.95,10.14,96178600,0
10.09,9.93,110306100,1
10.01,9.92,78083300,0
10.1,10.05,79844200,0
9.79,10.1,137704100,0
9.85,9.74,84950300,1
9.78,9.84,89477900,0
10,9.76,92115700,1
10.07,10,48625900,0
10.1,10.07,61879800,0
9.69,10.1,108608200,0
9.62,9.74,51462900,1
9.73,9.63,44402600,1
9.66,9.68,44032300,0
9.55,9.65,49155800,1
9.61,9.56,38151700,1
9.67,9.61,43684100,0
9.9,9.72,50642500,0
9.78,9.92,59763700,0
9.7,9.79,33499500,1
9.71,9.74,41514100,1
9.9,9.69,50650100,1
10.11,9.92,71399600,0
10.04,10.1,32112600,0
10.02,10.09,38481900,1
13.59995,13.20995,101470400,1
13.80002,13.73996,56385000,0
13.81003,13.85995,71320900,0
13.65,13.80002,42605500,1
13.68003,13.69004,55497900,1
13.71006,13.65,41815100,1
13.82004,13.59995,39593300,0
13.82004,13.84994,43292800,0
14.17,13.85995,64388600,1
14.12996,14.23994,67147800,0
14.18001,14.13997,57812400,1
13.88998,14.14998,71011800,0
13.70005,13.91,62766900,1
13.74997,13.69004,48735400,1
13.68003,13.83005,67794500,0
13.81003,13.65,48177300,1
13.97006,13.87997,35547200,0
13.80002,13.97006,47833900,0
13.80002,13.75998,39721000,1
13.72007,13.82004,47784600,0
13.74997,13.87997,61066900,1
14.20003,13.83005,105301600,1
14.23994,14.28999,61146100,0
14.70001,14.27998,132195100,1
14.83001,14.62006,126712000,0
14.58002,14.75006,109408000,0
14.57001,14.53998,98772900,1
14.54999,14.45002,61879500,0
14.62994,14.54999,74042600,0
14.60004,14.50995,79129900,0
14.85003,14.57001,111147700,0
15.01006,15.00005,103585300,0
14.89995,15.08,94864600,0
15.08,14.96001,164316000,1
14.34004,14.99004,148818100,0
14.48993,14.43,113985400,1
14.56,14.52997,157178800,0
14.52997,14.51996,88961200,0
14.58002,14.54999,128636300,0
14.14998,14.59003,248615500,0
13.59995,14.13997,181330000,1
13.84994,13.61997,101778000,1
13.72995,13.84994,223240100,0
13.46995,13.61997,151576500,1
13.55003,13.44005,116600300,1
13.20995,13.40001,108086600,0
13.30004,13.18005,51517900,1
13.15002,13.28002,73109700,0
12.98001,13.18005,91024300,1
12.9,12.94,60720500,1
12.95,12.9,56902000,1
12.88,12.86,60878300,0
12.88999,13.01001,81772300,0
13.07995,12.91,120543500,1
13.08996,13.11999,57284300,0
13.21996,13.09997,84087800,1
13.57005,13.23998,122389200,0
13.68003,13.60996,98240200,0
13.58994,13.62998,123726400,0
13.57993,13.60996,157731200,1
13.39,13.56004,157037300,1
13.18005,13.45006,342805200,1
12.88,13.18005,257673600,1
12.73,12.95,167219200,1
12.65,12.71,65934600,1
12.59001,12.65,79594400,1
12.6,12.6,126466500,1
12.62,12.61,86855200,0
12.99,12.65,121361400,0
12.92999,13.01001,99039800,0
13.04004,13.04004,88551000,1
13.04004,13.07995,140265200,0
12.98001,12.96,140570200,1
13.15002,13.03003,145265900,0
12.73,13.14001,202179700,0
12.75,12.75,112482000,1
12.61,12.77,61622100,0
12.71,12.62999,65448200,1
12.73,12.75999,54372200,0
12.7,12.72001,68597900,1
12.77,12.69,68900500,1
12.75,12.83,90544300,0
12.9,12.88,42234900,1
12.75,12.87,64223300,0
12.72001,12.74,52033700,1
12.49,12.75,89701600,1
12.77,12.48,58971600,1
12.7,12.82,50888500,0
12.57,12.69,51845200,1
12.97,12.61,110664100,1
13.29003,13.14001,76570600,0
13.48997,13.33995,72035800,0
13.44005,13.48997,133986700,0
13,13.40001,148853300,1
13.10998,13.07007,166409700,1
12.69,13.22997,362436800,0
12.73,12.66999,83140300,1
12.7,12.71,139118400,0
12.42,12.61,135591800,1
12.33001,12.39,91131000,1
12.4,12.31,64332100,1
12.42,12.39,56916000,0
12.49999,12.38,65837100,0
12.91,12.51,81791600,0
12.6,12.74,79729700,0
12.57,12.7,111167700,1
12.78,12.53999,75448700,1
12.44999,12.79,126432700,0
12.74,12.43,119381300,1
12.78,12.72001,74603000,0
12.92999,12.79,78979500,0
12.96,12.94,93652600,0
13,12.95,71278300,0
12.83,13,109046500,0
12.64,12.78,44098400,1
12.85001,12.7,65068100,1
13.04004,12.91,60287700,0
13,13.06006,65482300,0
12.87,13.05005,87404100,1
12.81001,12.82,43630900,1
12.95,12.79,60756200,1
12.66,12.74,41209100,0
12.92,12.69,91605100,1
12.97,12.96,57793000,0
13.08996,13.04004,93821200,0
12.9,13,111216500,0
12.65,12.79,77177600,1
12.83,12.66,107294700,1
12.9,12.87,106432700,0
13.23998,13.11999,104293200,0
13.24999,13.18993,67428400,0
12.92,13.13,115617200,0
13.40001,13.03003,131750200,1
13.45006,13.53001,133030100,0
14.13997,13.37999,211209400,1
14.11007,14.23994,182963500,0
14.45002,14.11995,241357300,1
14.95,14.50995,219300300,0
14.77996,14.90996,206699800,0
14.86004,14.72003,192729700,1
14.75006,14.70001,207271500,0
14.49994,14.69,250806000,0
14.64996,14.49994,178848300,1
14.50995,14.64996,151113500,0
14.43,14.48005,126393500,1
14.43,14.57001,129115200,1
14.56,14.43,158007700,1
14.76007,14.62006,140125900,0
14.58002,14.72003,186517000,0
14.63995,14.54999,142865400,1
15.27006,14.69,195553900,0
15.23002,15.27006,241498200,0
15.35001,15.36002,187462800,1
15.6,15.35001,347227000,1
14.32002,15.25004,366614400,0
14.96001,14.38996,285350600,1
13.97006,14.44001,275232500,0
13.83005,13.96005,141607900,1
13.36998,13.88998,218712300,1
13.08996,13.35997,129016300,1
12.36999,12.96,99346700,1
12.20001,12.49,103891400,1
12.92,12.58,83184500,1
13,12.92999,56164800,0
13,12.94,43772900,0
13.08996,12.96,56264800,0
13.30004,13.02002,95470800,0
13.53001,13.32994,58319400,0
13.57993,13.49998,80150000,0
13.45006,13.48997,94136000,0
13.55003,13.50999,69433700,1
13.88998,13.54002,144905300,0
14.05001,13.88998,112019000,0
14.24995,14.15999,75706500,0
14.00997,14.22993,135956500,0
14.07003,13.95004,80462500,1
14.27998,14.07003,88002300,0
14.07003,13.98995,117623000,0
14.04,13.98995,66706900,0
14.06002,14.10006,67684700,0
13.98995,13.97994,46343600,1
14.15999,13.97006,38615400,0
14.28999,14.02999,64348900,0
14.32002,14.37995,62733400,0
14.20003,14.34004,74782700,1
14.3,14.19002,81226800,1
14.3,14.45002,115577200,0
14.41999,14.3,94207800,1
14.31001,14.40998,75764100,0
13.91,14.3,91387500,1
13.93002,13.98995,84659800,1
13.97994,13.88998,67720600,1
14.05001,14.11995,52241700,0
14.62006,14.07003,92215300,1
14.64996,14.60004,85563100,0
14.49994,14.69,83075500,0
14.75006,14.52997,83799400,1
14.89995,14.78997,97850900,0
15.30997,14.90996,81711000,0
14.90996,15.29996,85047300,0
15.00005,14.98003,43008000,1
15.10002,15.08,90544200,0
14.70001,15.06999,111191900,0
14.80999,14.61005,67734300,1
14.91997,14.88994,52480400,0
14.79998,14.91997,99838900,0
14.59003,14.79998,73462100,1
14.67999,14.64996,58373200,1
14.59003,14.64996,102794500,0
14.07003,14.52997,85421200,1
13.99996,14.14998,53160000,1
14.40998,14.10006,61698400,1
14.22005,14.40998,78472300,0
14.21004,14.17,58387800,1
14.22993,14.43,75788900,0
13.81003,14.22993,99913300,1
13.87997,13.79001,58632300,1
13.73996,13.75998,44170500,0
13.54002,13.83005,65220800,1
13.45006,13.53001,46786400,1
13.55003,13.67002,58220800,1
13.56004,13.49998,42886000,1
13.69004,13.59995,44926600,0
14.45002,13.75998,85143100,0
14.39997,14.43,63609000,0
14.24995,14.39997,42296300,1
14.21004,14.34004,44703200,1
14.39997,14.24995,50895600,1
14.41999,14.48993,55947400,0
13.99996,14.48005,128598000,1
13.85995,13.89999,85516400,1
13.91,13.84994,62264400,1
13.76999,13.82004,82133100,0
13.70005,13.70005,68169100,1
17.48994,18.50004,121187100,0
17.69001,17.39998,52067200,1
17.89996,17.63996,61632800,0
18.12993,18.16997,37446000,0
18.49003,18.2,53911000,1
18.38005,18.39994,40931000,0
18.47001,18.41996,54390400,1
18.90005,18.53995,67313800,0
19.52002,19.13002,42038800,0
19.07997,19.31007,40665600,0
19.20997,19.11,33270200,1
19.59997,19.14003,68258200,0
19.38001,19.73998,80484600,0
18.48002,19.22999,53011100,1
19.09999,18.91006,50540600,1
19.16005,19.26002,52060600,0
18.73001,19.34998,80819100,1
19.17006,18.66007,56946200,1
19.51001,19.40003,49817600,0
19.09999,19.70995,101446200,0
18.47001,19.18995,105469600,1
19.43994,18.75003,77215100,1
18.72,18.98,58968000,0
18.66007,18.54996,80025700,1
20.09995,19.03993,97070300,0
19.95006,20.31003,71153900,0
20.22007,20.19004,60021600,1
20.30002,20.59005,67945400,0
20.24997,20.19004,70325200,1
20.25998,20.10996,75184500,0
20.42001,20.46005,60033300,0
20.20005,20.38998,108904700,1
20.69002,20.19004,90480800,1
20.46005,20.86006,72458800,0
20.55001,20.54,83026100,1
21.68998,20.56002,160250900,0
22.67005,22.05996,71454200,0
22.95995,22.77002,55005300,0
23.11998,22.88,50525100,0
22.40004,23.03002,109283000,0
22.99999,22.43007,75264300,1
22.59998,22.94006,49910500,0
22.50001,22.57996,60939100,1
22.99999,22.78003,65782100,1
23.05004,22.98998,69952400,0
22.85998,22.91003,53010700,0
22.77002,22.84997,75632900,1
23.06993,22.78003,70461700,1
22.44996,22.97997,181349100,0
21.52007,22.26003,107247100,1
21.95999,21.61003,68265900,1
22.04995,22.02993,66420700,0
22.25002,22.00003,81336100,0
21.85001,22.20998,125626800,0
21.81998,21.79996,58183700,1
21.65995,21.69999,115678900,0
21.23004,21.66996,117962500,1
20.62996,21.19,73245900,1
21.00007,20.68001,75565500,1
21.32,21.03998,97385200,0
21.00007,21.29998,299353200,0
19.74999,20.73994,252818700,1
19.34998,19.66003,50671800,1
19.65002,19.48999,39742200,1
19.72997,19.68005,43459900,0
19.72997,19.81005,38587200,0
19.72997,19.81005,38587200,1
19.72997,19.81005,38587200,1
19.72997,19.81005,38587200,1
19.72997,19.81005,38587200,1
19.68993,19.64001,35588100,1
19.58996,19.68005,39922300,0
19.19996,19.42005,34445000,1
19.44995,19.21998,48400200,1
19.19996,19.42005,57064700,0
19.60998,19.66003,60010700,1
19.31007,19.89,99441000,1
19.32996,19.24,63660400,1
19.61999,19.21998,67170200,0
19.59997,19.61999,69797100,0
19.78002,19.69994,76299200,1
20.67,19.85997,122543600,0
20.48995,20.69002,119517500,0
20.56002,20.46005,104302500,1
20.20005,20.89997,200779700,0
19.87999,20.47006,121443600,1
20.42001,19.79003,105009400,1
20.24997,20.34994,90955900,0
19.91002,20.23996,90922200,1
20.02,20.04002,89938700,1
19.86998,19.96995,100543000,1
20.24997,19.82994,190319500,1
20.62996,20.8,107056400,0
21.60002,20.69002,151196200,1
20.33993,20.69002,85419900,0
20.87995,20.46005,110806900,1
21.28997,20.93,125817300,0
21.40996,21.35003,149692300,0
21.82999,21.19,86048700,0
21.73002,21.68998,82285600,0
20.98005,21.63005,144008500,0
20.78999,20.93,64192300,1
20.34994,20.76997,79425500,1
20.49996,20.34994,88706000,1
20.17002,20.69002,111114000,0
20.06004,20.06004,78438400,1
20.75996,20.00999,86250000,0
20.72993,20.64998,68448100,0
21.20001,20.72993,106488000,0
21.93997,21.39995,85833000,0
21.88004,21.88004,69844000,0
22.33998,22.01004,99320400,0
22.01004,22.46998,135416400,0
22.13003,22.11001,70110100,1
22.07998,22.08999,76595100,0
22.1,21.90994,102942400,1
22.90002,22.46998,128968400,0
22.99999,23.02001,155271700,0
22.02993,23.19993,289039500,1
22.23,22.11001,100920400,1
22.28005,22.27004,139854700,0
21.88004,22.05996,156233200,0
21.78995,22.02005,119679800,1
21.69999,21.46001,141091900,1
23.08007,21.99002,175682700,0
23.09996,23.18004,145740500,0
23.75997,23.01,167257100,1
23.60995,23.59006,107082000,0
23.64999,23.61996,127664200,0
24.00996,23.80001,104578500,0
24.06001,23.97993,68078300,0
24.19001,24.03999,101751800,0
23.60007,24.00996,128044200,0
22.99999,23.42002,78482000,1
23.30003,23.10997,94725500,1
23.38999,23.25999,85268200,0
23.57004,23.48996,85031200,0
23.60007,23.50998,108195700,0
23.80001,23.62997,82876000,0
23.58005,23.55002,68306900,0
23.10997,23.67001,126428000,0
22.99999,23.17003,111702900,1
21.20001,22.96996,142643100,1
21.99002,21.74003,84708400,1
21.39995,21.56999,120207900,0
21.88004,21.82999,88539800,1
22.54993,21.99002,87611600,0
22.98998,22.82995,65522700,0
22.44996,22.92004,116949000,0
22.59998,22.43007,87492800,1
22.81006,22.65003,108426000,0
22.59998,22.81006,146483100,0
21.49004,22.31996,145891100,1
21.50005,21.58,90308100,1
21.60002,21.37993,80732600,1
21.14996,21.28997,112924500,0
20.57003,21.13007,72693800,1
21.17999,20.73994,124603200,1
20.16001,20.99006,147132700,0
19.81005,19.65002,127010200,1
19.16005,19.67004,116774100,0
19.57995,19.09999,76024700,1
19.78002,19.54004,104726600,0
19.07997,20.06004,221805600,0
19.12001,19.18995,133071800,1
19.59997,19.05995,153810300,1
19.99998,19.84996,182983300,0
21.55998,20.46005,174283400,0
21.39995,21.50005,133295800,0
21.52995,21.13007,151865700,1
21.65007,21.78995,166862100,0
21.45,21.62004,181723500,1
19.69994,21.52995,267429300,1
20.08994,19.73998,94926800,1
20.44003,20.07005,136493600,0
19.79003,20.22007,131480000,0
20.32004,19.94005,121674100,1
20.20005,20.17002,144638000,0
19.31007,20.22995,200846200,0
18.26006,19.27003,183189200,1
17.75995,18.53995,155349900,1
18.98,17.84003,157252100,1
20.07993,19.00002,224745200,0
20.70003,20.16001,142663900,0
20.49996,20.69002,129604500,0
22.19997,20.77998,215259900,1
22.99999,22.33998,136483700,0
22.30007,22.70996,129385800,0
21.33001,22.25002,96960800,1
22.40004,21.34002,98569200,1
22.01004,22.37001,81113100,0
22.98998,22.33998,119056400,1
23.87996,23.54001,114338400,0
23.15001,23.87996,114131100,0
24.25995,23.11998,110130300,1
24.58001,24.34003,71200500,0
25.14993,24.42999,89831300,0
25.00004,24.87004,89257200,0
25.39004,25.17996,112747000,0
26.09997,25.63002,112971400,0
27.15999,26.31005,120442800,0
27.35005,27.09993,94935900,0
27.07003,27.17,133280500,0
25.29995,26.88998,209054500,1
25.54006,25.01005,157987000,1
25.71998,25.58998,79675500,0
25.45998,25.68995,80358300,0
25.69996,25.26004,86445200,1
25.25003,25.55007,96428900,0
24.81999,25.16995,87098000,1
25.29995,24.87004,99269500,1
25.13004,25.28994,88740100,0
25.10001,25.05997,84108000,1
24.55999,25.06998,138586600,0
24.36005,24.25995,73762200,1
23.57004,24.20002,80290300,0
23.80001,23.44004,93996200,1
24.47003,24.22004,60549900,0
24.33002,24.45001,92277400,0
24.20002,24.31,117968200,1
25.41006,24.54998,112358000,1
24.94999,25.40005,78750800,0
24.29999,24.92997,79505500,1
24.21003,24.48004,103662900,1
23.06005,24.13996,88230500,1
23.30003,23.02001,68737900,1
22.99999,23.20994,80252700,0
22.19997,22.97997,122877300,1
22.30995,22.14004,64724500,1
22.19997,22.34999,95690300,0
21.71,22.44996,161108200,1
22.16006,22.14004,114148300,1
21.47002,21.79996,108694400,0
21.16998,21.38994,127498300,1
21.04999,21.15997,96662400,1
21.13007,21.04999,98109200,1
20.51998,21.41997,118325000,0
21.01996,20.43002,96475300,1
21.01996,21.03998,89721600,0
21.27996,21.00007,137808200,1
21.80997,21.32,101138400,0
30.29008,30.59001,168426900,0
30.24003,30.28007,124223700,1
28.85009,30.06003,177167300,1
26.30992,28.72997,167857800,1
26.65008,26.12009,77503200,1
26.05002,26.45006,106851500,0
24.75,25.64999,108781200,1
24.95002,24.61004,55136800,1
24.14995,24.87995,81272500,0
24.75,24.80005,73381600,1
25.3,24.80005,107874500,1
25.97996,25.56991,52908400,0
25.59994,25.98996,100474400,0
24.99006,25.18007,56210000,1
25.00007,25.14002,61288100,1
24.98005,24.82007,84990000,1
25.44997,25.31001,77619200,0
24.63006,25.39009,103361100,0
25.10999,24.89997,155617000,1
24.48009,24.82007,112390000,0
24.55999,24.60003,135579300,1
23.94993,24.48992,164347600,1
23.26997,23.81998,169543800,1
22.97004,23.17006,207691400,1
21.11,23.05995,251855700,1
20.68994,21.04994,68941100,1
21.37008,20.82007,72819000,1
21.86002,21.37008,69434800,0
21.50002,21.67001,79979400,0
22.22002,21.68002,152445400,1
21.99998,22.09007,123446200,0
22.10008,22.53997,86444200,1
22.3001,22.03001,101027900,1
22.49993,22.46007,130915000,0
22.69995,22.50994,114032400,0
22.45007,22.73999,97830700,0
22.40001,22.52996,172666000,1
22.50994,22.22002,170058600,1
20.95002,22.03001,115572200,0
21.76993,20.94001,135513200,1
22.11992,21.89005,132441900,0
22.14995,22.27007,223755600,0
21.80997,21.86002,186104900,1
22.05003,21.80997,136934100,1
21.43996,21.92008,130879600,0
22.05003,21.99998,134839900,1
21.91007,22.16997,167645900,0
21.18007,21.71005,198901300,1
20.39001,20.76001,148226900,1
20.87995,20.4801,149909100,1
19.21993,20.21001,152030100,0
19.60995,19.31002,98043700,1
19.37991,19.70004,117069200,0
19.78995,19.38992,124443300,1
19.00007,19.63998,141212500,0
17.91999,19.00007,129781700,1
18.51996,18.19001,109971800,1
18.25005,18.28008,110122500,0
19.51004,18.59003,183233600,1
18.29992,18.93,144913400,0
19.59995,18.52997,229349900,1
18.89997,19.42996,264488500,0
19.12001,19.19008,399030200,1
16.94,18.63007,298880800,1
16.89999,16.94,208233700,1
17.79001,17.62,256891000,1
17.22999,17.78,350407400,0
16.8,17.20999,396505500,1
16.71999,17.09,226934100,1
17.11,16.43,167202100,1
16.62999,17.58,178780600,0
16.49999,16.84001,106328400,1
17.15001,16.68001,123360500,1
17.29,16.98999,139573700,0
18.13,17.77001,175591800,0
17.46001,18.11999,189396500,0
17.56,16.93001,158544600,1
17.35001,17.56,210712300,0
17.71999,17.75001,94827200,1
18,17.79001,96481800,1
17.28001,17.56,106977600,0
17.49,17.11,113733600,1
16.85,17.53,110135400,0
16.38999,16.69,94498200,1
16.8,16.31,79852800,1
16.27999,16.69,94915700,0
16.45,16.48001,73619800,1
15.86001,16.37001,112534900,1
15.91999,16.2,90680700,1
15.85,15.96,197417600,1
15.2,15.62001,204644400,1
14.8,15.11001,218057400,1
13.96,15.12,205710500,1
13.92,13.98999,95469900,1
14.09,14.3,137236400,1
13.67999,14.09,103249500,1
13.87999,13.65,109422000,1
14.47999,14.29,112646800,0
13.92,14.47999,174446200,0
13.51001,13.72,91571900,1
13.32,13.25,47150700,1
13.20001,13.31001,73992500,0
13.19,13.18,82517800,1
13.45,13.41,74961100,0
13.78,13.45,69918600,0
13.47,13.74,100010600,0
14.18999,13.65999,145250400,1
14.67,14.24001,109285700,0
14.58999,14.67,192029600,0
13.81,14.83,220403000,1
14.12,13.8,134024000,1
13.78,14.04001,114091100,0
14.25,14.03,142933600,1
14.61,13.87999,203547100,0
15.05,14.86001,264985100,0
14.22001,15.43,359533500,0
14.98999,14.15001,230975400,1
13.85,14.76999,286623300,0
13.25,13.56999,160511600,1
13.24001,13.36,345025500,1
12.31001,12.9,233859600,1
11.87,12.07,132665900,1
11.9,12.19,113701700,1
12.65,11.99,204255200,1
13.71001,12.92,207444000,0
13.14,12.99,85029700,0
13.65,13.14,87899000,0
13.98,13.27,116869200,0
13.87999,14.18999,216011700,0
13.8,14.76,162704900,1
15.16999,13.73001,224444300,1
14.80999,15.26001,172107400,0
15.05,14.95001,210531500,1
13.83,14.80999,217056900,0
13.61,14.18,144214200,1
13.92,13.82001,177846800,1
13.32,14.04001,242120900,0
11.81,12.76,144036900,1
12.28,12.13001,97568900,1
12.25,12.76,180098200,0
11.82001,12.02001,71580300,1
11.60001,11.94999,86460200,1
12.21,11.74,107214600,1
11.89001,12.16999,129120400,0
12.05999,11.85999,180878100,1
10.81,12.1,193553200,0
11.81,11.01,102511800,1
12.80001,12.14,125418700,0
12.85999,12.91001,135049300,0
13.34,13.27,80029200,1
14.05999,13.58,127309700,0
13.19,14.09,114712300,0
13.5,13.34999,87399000,1
13.20001,13.16,110669400,0
13.18,13.92,126113400,0
14.1,13.33001,241195500,1
12.29001,13.53001,186048700,0
12.1,12.3,121268900,1
13.05999,12.87999,105399300,1
13.21,12.94,142291800,0
13.33001,13.85999,94484100,0
15.00999,14.05999,119286200,1
15.85,15.62001,105266000,0
15.23,15.67999,186637400,0
15,15.35001,145217000,1
15.8,15.66001,197004600,1
16.77001,16.78999,411504000,0
15.26001,15.26001,122943200,1
12.89,13.87,208396900,0
13.8,13.34,160087700,1
15,14.34,145995900,0
15.98999,15.93001,69067200,0
17.18999,15.93001,96786600,0
17.54,17.25,66475300,0
17.8,17.71,45485100,0
18.2,17.67,43124200,0
18.2,17.99001,63245800,0
19.15004,18.94001,86759800,0
20.07005,19.19008,56451800,0
20.49993,20.07005,47700200,0
21.64999,20.68994,48477800,0
21.57992,21.96995,44419400,0
21.04994,21.32003,31303000,1
20.67993,20.99006,31219000,1
20.80005,20.75,30899500,1
21.30001,21.24996,26165600,0
21.79996,21.22994,41483100,0
22.18999,21.92008,53764000,0
20.28008,22.58001,86992900,0
19.90006,20.52996,30762500,1
21.25997,20.11992,31481000,1
21.11,21.25997,35652100,0
21.29,21.11,39715500,1
21.3799,21.26998,37414300,0
21.59994,21.54007,31627400,0
21.63998,21.91007,79062000,0
23.09999,21.67001,45110700,1
23.64999,23.16005,40490500,0
23.50002,23.70004,40481100,0
23.90006,23.24995,56839200,1
23.30001,23.28999,44293000,0
22.45007,23.88004,57795000,0
23.53005,22.70996,43199000,1
24.14995,23.43996,40983200,0
23.50002,23.55007,44139700,0
24.19999,24.05003,74696800,1
23.19008,23.91007,101682500,0
22.24004,23.69003,92676500,1
22.35997,21.90006,45846200,1
21.99998,22.00999,34522200,0
21.01008,22.12993,57949800,1
20.80005,21.30001,61170600,1
21.36007,20.42004,58248800,1
21.30001,20.81006,51834400,0
23.60995,21.82999,75423600,0
22.89997,23.50002,33507000,0
23.53005,23.28999,74516700,1
22.88996,23.69003,97852800,0
22.75,23.43996,106039300,1
22.54998,22.39001,64111900,1
21.19008,22.41002,75905600,0
21.29,20.95002,68915800,1
19.70004,20.42004,47849700,0
20.14995,20.2,47719000,1
22.2,20.12993,70501500,1
22.60003,21.99998,33620100,0
23.64999,22.99006,47764400,0
24.89997,24.52996,40749800,0
24.48992,24.91999,45564800,0
23.79996,24.49993,28259000,1
23.82999,24.03001,21425100,1
23.16005,24.40001,94146800,1
25.00007,23.02992,35029000,1
23.95994,25.22993,50316100,0
23.95994,24.09007,42382200,1
24.00999,23.99998,33875900,1
24.00999,23.87003,34577200,0
24.48009,24.12992,50571500,0
25.22993,24.72998,51734300,0
27.00007,25.74991,60406800,0
28.89996,28.61004,44791600,0
28.19999,28.79003,50744100,0
28.67992,28.37999,36238800,1
28.29991,28.68993,48853100,0
27.88003,28.44005,42496900,1
27.73007,28.12009,38470100,1
28.47991,27.55007,38146600,1
27.3,28.55999,68804500,0
27.24995,27.26997,32963600,1
27.94992,27.25996,41284200,1
27.70004,28.26005,59101200,0
28.07004,27.70004,56567100,1
28.25004,28.58001,73060500,0
30.25004,28.59002,66020300,1
30.4901,30.22001,32832900,0
29.98996,30.62004,73918800,0
31.40992,30.08005,78472900,1
28.61004,31.02991,115451300,0
28.45006,28.53997,66052700,1
27.50002,29.27998,90017100,1
29.72006,28.08005,135497700,1
28.89996,29.58992,59775700,0
31.09998,29.32002,107319900,1
31.99997,31.64998,74590400,0
33.12,32.6599,97220600,0
30.03,32.40001,100070400,0
29.10999,29.78994,66007900,1
28.95001,29.22993,81480600,1
29.00006,29.32002,115565800,1
29.68001,29.72006,141196700,1
32.40994,35.29007,89692500,1
30.29994,32.6101,69361800,1
32.88006,31.04003,100532300,1
29.99993,30.51998,49312200,0
31.3999,30.51004,48221300,1
31.90007,31.30999,51214600,0
32.35008,32.08012,82713400,0
35,32.20008,100689900,0
35,34.81995,40172000,0
34.46008,34.40992,42083200,0
36.69997,34.43003,60326900,0
37.51009,37.33004,60124900,0
36.00011,37.48004,67124400,0
35.98993,36.50004,66907000,1
36.04009,36.30012,99141100,1
35.01987,35.34993,59279600,1
34.58004,35.40009,65199300,1
33.00002,35.82006,94641200,1
32.29992,33.26004,51822300,1
31.88989,33.04001,86453000,1
30.30988,31.42994,59116300,1
34.65007,30.85004,79785500,1
34.59991,34.28003,60553000,0
31.01991,34.69999,71114900,0
32.37989,32.58005,43638400,1
32.25,32.62004,38998600,1
33.74011,32.43999,54974600,1
32.97991,33.76992,54814100,0
36.54997,33.30003,64605300,1
36.28001,35.45001,48473800,0
39.18001,36.46006,52667200,0
39.10004,39.44004,29033600,0
39.67995,40.09991,42555000,1
39.49989,39.14996,30225100,1
42.84992,38.98008,84428600,0
41.64988,42.83004,31160400,0
41.00988,42.12994,41216300,1
39.48002,40.88992,35568500,1
40.38005,40.61996,66498200,1
40.47989,40.49007,56366500,1
39.71,38.99996,45193200,1
42.90008,39.97996,65882200,0
42.09989,43.22989,101120900,0
50.4999,45.9799,173448900,1
50.25999,51.08998,36976600,0
49.80998,50.22001,13150600,1
49.88001,48.82004,9330300,1
49.77993,50.03001,15530200,0
49.99997,48.97998,21055100,1
52.40004,51.39993,26790200,0
49.0001,51.95002,44966200,0
46.00001,47.23009,28401400,1
46.79995,46.00001,30515600,1
50.40006,47.73003,35145200,0
51.15008,50.39012,13526900,0
52.50012,50.59005,16993900,0
51.00008,53.19998,53059300,0
52.80013,51.46002,25988400,1
51.2,52.21005,33703300,0
51.99995,49.99997,56152400,1
56.89993,54.06002,18047300,0
55.98003,57.04994,19696000,0
55.00997,56.47003,25712400,1
58.09997,55.82009,41464900,1
59.67998,59.14006,38145000,0
60.99997,59.18998,33814400,0
56.89993,61.59005,54783300,0
57.07998,56.96003,51570800,1
56.39006,56.85995,24254000,0
56.20007,56.39006,38153000,1
52.78001,55.98997,53954900,1
50.94992,53.00999,32946400,1
53.00005,50.86995,50004500,1
53.00005,53.54991,31132700,0
51.50001,52.80013,36344000,1
50.02008,51.57005,59407300,1
50.26993,50.08988,39371000,1
50.19989,50.23988,32246800,0
49.61005,50.07,32374500,1
49.09994,49.12999,36543000,1
47.89991,49.41012,23406600,1
46.50988,47.36992,17815200,1
46.25009,46.02012,26257600,1
48.98992,46.50988,41475100,0
48.03004,49.46999,38016100,0
49.12005,48.46987,46717300,1
52.2401,49.92993,67063200,0
54.29994,53.05992,31703600,0
54.10995,54.25995,39234500,0
55.79998,55.60005,11495000,1
54.05008,55.76993,24648500,0
53.00005,53.95994,13370000,1
53.68998,53.16993,14224200,1
51.35994,53.65993,26665200,0
51.80002,51.88993,25015300,1
48.8799,51.70988,31592000,1
48.03004,47.96,6859300,1
47.69004,47.69004,7182900,0
48.56002,47.81993,25266600,0
46.49994,47.99999,12836000,0
49.0001,46.91991,31207600,1
50.40999,49.35996,19563200,0
50.4999,50.2801,26209000,0
52.66006,50.79991,21353900,0
53.99992,52.85999,10757500,0
53.84992,54.78,17656200,0
53.19998,53.91002,24997500,1
55.97009,52.8801,15184900,1
52.43008,55.43987,52522000,0
52.40004,53.68005,30548800,1
55.6999,52.93002,24225100,1
54.5001,55.68002,14038200,0
54.63993,54.20009,19336300,1
56.80009,54.91013,16657400,0
58.95007,57.86999,12946400,0
58.20005,59.67998,20843300,0
58.84999,58.78989,36729800,1
58.05998,57.75004,27914100,0
57.54987,58.05005,39045600,0
54.79987,58.06992,43980200,1
54.69009,55.07007,34040400,1
53.0999,54.96998,39289300,1
51.87999,52.59003,38793200,1
50.88012,51.99995,27125800,1
52.18,51.20994,34420000,1
54.59995,51.65001,33072700,0
54.91013,54.73008,68706200,0
54.0101,55.07007,43672300,0
55.00004,53.95994,42592600,1
55.98997,54.9901,34179800,0
54.25995,55.97009,54575400,0
55.00004,54.13006,26705800,1
55.09988,54.97992,20489000,0
53.64006,55.09988,45708000,0
51.16995,52.50012,41667400,1
48.61988,50.40006,45418400,1
49.20002,48.71002,49670800,1
50.52995,49.72007,19229800,0
49.0001,50.19989,39563200,0
49.70989,48.97998,43314100,1
49.91006,49.73994,27633200,0
49.65004,49.51991,18661900,0
51.9699,49.90012,30046800,0
51.39993,51.55987,69507300,0
51.01995,50.90993,36565800,1
50.29004,50.90993,33321300,0
50.14003,49.76005,34813500,1
53.12995,50.94992,26328500,0
51.00008,53.19005,25464100,0
52.19987,51.91004,27122100,1
53.38004,53.2499,48192700,0
53.99992,53.19005,27365600,0
55.99991,54.36997,44389300,0
55.38002,56.04013,40473500,0
53.00005,55.00004,38411300,1
52.48001,52.96007,29977700,1
51.99995,51.87999,28915400,1
51.99995,51.99995,42115100,0
52.67993,52.01012,49865900,0
49.84996,52.67993,69360500,0
49.39001,49.95005,56730300,1
46.00995,49.39001,66552700,1
45.09998,46.90003,55876700,1
43.13998,44.95992,44835600,1
43.82991,42.04003,57350200,1
45.69006,44.26999,24891100,0
45.50007,45.95008,33972100,0
43.50009,45.47996,63918700,1
44.56006,44.00003,59576300,1
45.21994,44.58987,34566300,0
43.8001,45.20006,39896700,0
43.42012,44.00003,44813700,1
44.9999,44.08994,35884000,1
44.60005,45.04012,36338700,0
42.11007,44.23,64465600,1
40.69993,41.81006,42326100,1
40.54993,40.38998,51306600,1
40.69993,40.24992,50323700,0
40.30008,40.99994,39611100,0
40.99994,40.46995,38704300,1
42.30006,41.37992,31642500,0
42.00005,42.30006,28270000,0
41.74996,41.82993,44460100,1
41.40003,41.67993,59910000,1
37.56001,41.06997,111574600,1
36.24996,37.37996,34979700,1
36.13994,36.58002,66464900,1
34.66001,36.32993,27235900,1
36.6801,34.88998,12485300,1
37.29999,36.43995,10067500,0
36.65005,37.29999,28052700,0
35.98,36.45012,23652000,1
35.72991,36.16005,31209200,1
34.70993,35.63007,29882400,1
33.15002,34.6399,25067400,1
33.71006,33.54988,16165400,1
35.94995,34.28003,25801100,0
35.48006,35.89009,22828200,0
36.20004,35.48006,39035000,1
36.80005,36.58995,39050700,0
38.71013,37.59006,30333200,0
37.18997,38.65003,47993900,0
37.40007,37.18997,47291200,1
37.3201,37.86996,83751000,0
36.39996,37.3899,52765700,1
35.19993,36.39996,55762400,1
36.96993,35.30995,34192600,1
36.54997,36.96993,53367200,0
36.39996,36.99004,105776700,1
33.50989,35.90996,101051500,1
33.21012,34.19012,80456500,1
32.29992,33.63009,89611500,1
31.90007,32.39007,73565600,1
31.60006,32.32003,94213500,1
32.70001,31.60006,64548700,1
32.40994,32.73006,60401400,0
31.90007,32.26987,55997900,1
31.90007,32.78992,77906700,1
33.75998,32.43999,66826300,1
33.68995,33.00996,111450700,0
31.30005,33.75998,153719300,0
27.50002,30.6901,179040300,1
29.65,29.72004,62753600,1
29.80001,29.65,71230300,1
29.00006,29.4399,122621400,0
27.99995,29.11008,189683700,1
27.50002,27.69995,105039100,1
27.01002,27.54994,103733800,1
27.99002,27.73993,62417400,1
27.39994,27.94009,106182100,0
27.01996,27.35995,88640500,1
29.00006,27.06988,137913700,1
28.78002,29.26009,238372000,0
28.89998,29.2899,85300600,1
28.93996,29.2899,118929800,1
27.80003,28.89004,116430300,1
27.65996,28.13008,79016800,1
27.20001,26.9,90460200,1
28.44997,27.49008,85257800,0
29.15007,28.37993,56671700,0
27.84995,28.82001,64647700,0
28.70999,27.94009,48346800,1
27.95997,28.59997,72966800,0
27.35001,27.95003,49937800,1
28.81007,27.02989,61787700,1
29.83005,28.81007,57691200,0
30.89002,29.83999,40477400,0
29.60008,30.70003,36573600,0
30.09008,29.83999,36961700,1
30.5001,30.03992,40693400,0
29.30007,30.55003,59537100,0
28.55005,29.2899,61556800,1
28.25004,28.59997,33765300,1
28.63996,28.25004,42600000,1
28.49989,29.08997,54319800,0
27.88993,28.48001,37289100,1
28.10004,27.99002,50949200,1
26.9,28.03994,51509800,0
26.21007,26.71995,35909300,1
26.07001,26.6899,104954300,1
25.20997,25.93988,68006500,1
25.84997,25.31005,34492000,1
25.0001,25.83009,50632400,0
26.3499,25.76006,63762000,1
26.37002,26.28011,83029600,0
25.05002,26.17009,106200000,0
25.19009,25.02991,55201100,1
22.60999,25.36991,123190300,0
24.40009,23.11,37741400,1
23.11,24.11001,48323400,0
23.00999,22.91,53148900,1
23.99999,23.61001,26291200,0
24.79994,23.99999,44855500,0
24.29007,24.82005,72168600,0
23.89991,24.15,29294300,1
23.26999,23.89991,80287200,1
21.79999,23.6,129061500,1
21.70001,21.64999,42655800,1
21.88999,21.95,56341600,0
22.51999,21.87,55552100,1
21.38,22.31999,78691900,0
24.23991,21.85001,92149800,1
25.26013,24.26002,60198600,0
25.65998,25.4901,53065600,0
25.40989,25.61999,32032400,0
24.79994,25.04009,30821800,1
24.29007,24.63006,25826900,1
22.89999,24.14006,34524100,1
23.29999,22.54001,38244400,1
23.95007,23.52,39592100,0
22.88,23.99999,95044900,0
21.67999,23.17,122807400,1
22.65,21.70001,64446600,1
24.64993,23,47104600,0
24.40009,24.59007,41437900,0
26.28011,24.98993,66524700,1
27.00008,26.33003,91921100,0
26.40006,27.19007,88608100,0
24.04992,26.57988,87946900,1
24.3,24.37004,67685500,1
24.90996,24.70009,83505200,1
22.88,24.8501,116253800,0
22.5,22.59,99780300,1
21.50001,21.82001,70187800,1
22.69999,21.38999,83626200,1
23.84999,22.94,69127700,0
24.00993,23.77996,47779400,0
22.92001,23.95007,53998900,0
22.89999,22.60001,54926300,1
23.50001,23.21999,54148100,0
22.83001,23.63,83464900,0
21.03,22.79,77987900,1
20.8,21.24999,60306600,1
21.46,20.83,84479400,1
21.64999,21.46,120404300,0
20.33,21.30999,66536900,0
19.45999,20.17001,63004400,1
18.2,19.36999,47126300,1
18.29999,18.14,52580900,1
17.60001,18.35999,77943300,0
17.07999,17.39,50349100,1
17.60001,17.19999,52463600,1
17.5,17.60001,39676100,0
18.02,17.79,43592300,1
17.80001,18.02,56644000,0
16.99999,17.65,53205600,1
17.27,16.86,37425800,1
17.39999,16.98,60454100,0
16.99001,17.28001,41170200,0
16.12001,16.93001,49300800,1
16.70001,16.37,52349800,1
16.93999,17.07,61918400,0
17.19999,16.99999,55611300,1
17.21,17.28001,55713300,0
16.44999,17.18,68696800,1
16.87001,16.54,52212600,1
15.80001,16.83,72235900,0
15.40001,15.92999,34595000,1
15.48999,15.85,32122900,1
15.79,15.54999,41251800,1
16.4,16.05,39292300,0
16.38999,16.55,42298700,0
15.89999,16.4,104509100,1
14.99999,15.22999,65571200,1
14.59999,14.99001,58524300,1
15.02999,14.41999,72053800,1
14.7,15.16,87405000,0
13.95001,14.73001,52257400,1
14.24999,13.98001,28368500,1
13.66999,14.37,55926900,0
13.37001,13.57999,35456600,1
13.3,13.57999,39892300,1
13.78999,13.33,39418300,1
13.98001,13.83,43964300,0
13.40001,13.98001,29070900,0
13.60999,13.40001,38872300,1
13.95001,13.72001,62742600,0
13.69999,14.01999,46498700,0
13.16,13.78999,73114200,1
12.71999,13.11999,32358500,1
13.01,12.76,41921500,1
12.88001,13.14999,54336700,0
12.88001,12.94999,38235400,1
12.03,12.91001,54023500,1
12.36999,12.04999,47483600,1
12.2,12.39999,49804500,0
12.06,12.18,44197700,1
11.97,12.12,59543400,1
11.78999,11.97,40415200,1
11.6,11.8,111370100,1
10.88,11.68,130871200,1
10.54001,10.62,30474100,1
10.39999,10.45999,29379200,1
10.15,10.39999,25007200,1
10.32,10.15,57439200,1
10.59,10.34001,67172700,0
10.96,10.64,102119500,0
10.62999,10.88999,68898000,0
10.38,10.61,49467800,1
10.24,10.39,41763900,1
10.45999,10.25001,68970300,1
10.48999,10.47,47336900,0
10.57999,10.45999,46110400,0
10.5,10.57001,52759100,0
10.57999,10.5,58413400,1
10.24,10.60001,87821400,0
10.1,10.25001,49369400,1
10.02001,10.05001,51848900,1
9.96001,10.02999,44930100,1
9.76001,9.89,82470600,1
9.61001,9.73999,19658500,1
9.81,9.6,27531900,1
9.75,9.83,43173600,0
9.73999,9.73999,18094500,1
9.90001,9.76999,50194400,0
9.61001,9.90999,75179800,0
9.70001,9.58999,21245700,1
9.67001,9.67999,20105900,0
9.58,9.67001,33452800,1
9.34,9.58,31943000,1
9.09001,9.4,15055500,1
9.28,9.29,9943300,1
9.50001,9.34,12344300,1
9.44001,9.52,40866200,0
9.21999,9.4,13715000,1
9.26,9.23,20186600,1
9.2,9.26,12545700,0
9.00999,9.21001,21159200,1
9.12001,9,16293300,1
8.88,9.11,14560600,0
8.80001,8.88,14578700,1
8.89999,8.83001,18879700,1
8.74999,8.86999,13228500,0
8.74999,8.69999,19803000,1
8.80001,8.76,16569500,0
9.02,8.80001,23066400,0
9.2,9.06001,21517300,0
9.26,9.18999,17065500,0
9.35001,9.31,17054000,0
9.44999,9.31,20809300,0
9.2,9.44999,14935700,0
9.28,9.38999,18874200,1
9.26,9.27001,10508000,1
9.34,9.23,12706500,1
9.35999,9.35001,9974100,0
9.29999,9.35999,13305200,0
9.24999,9.35999,28836200,1
9.66,9.28,43308200,1
9.76001,9.70999,26882900,0
9.70999,9.76001,26613400,0
9.78,9.67001,31361100,1
9.76001,9.54,35288000,0
9.67999,9.73001,20898300,0
10.1,9.67001,36931200,1
10.3,10.13,45889300,0
9.93001,10.3,73850600,0
9.95,9.90999,30302200,1
9.70999,9.87999,33450100,0
9.76999,9.73999,11647700,1
9.99999,9.8,22719000,0
9.81999,9.99999,40019600,0
9.58,9.81999,49345300,1
9.29999,9.58999,37612900,1
9.44999,9.4,37393500,1
9.2,9.49,40012000,0
9.09999,9.21001,41024300,1
8.80001,9.29999,48290200,1
8.82,8.72001,19981500,1
9,8.89001,29753600,0
8.69999,9.06999,47799900,0
8.94,8.74999,31422500,1
9.00999,8.95001,68206500,0
9.70001,9.08,72125400,0
9.90001,9.79001,33387500,0
9.98,9.92,49557900,0
10.18,9.99999,51541900,0
9.99999,10.16999,88253900,0
10.19999,9.96999,54628400,1
10.22999,10.22999,54590000,0
9.95,10.22001,90138700,0
9.95,9.95,50372700,1
9.51,9.99999,149685500,0
9.81,9.51,74367700,1
10.06,9.87001,93598200,0
9.93999,10.09,90787300,0
10.1,9.96001,65358700,1
10.05001,10.15,99066500,0
10.06,10.04,141804500,1
10.19999,10.08001,227426900,0
10.06,10.21,333811500,0
10.74999,10.86001,43802800,1
10.86001,10.77001,23596800,1
10.74999,10.83999,32965300,0
10.64,10.74999,28352200,1
11.00999,10.64,31175300,1
10.83999,11.00999,22253100,0
10.9,10.83999,33665100,1
11.49001,11.00999,92529800,0
11.98999,12.19001,74648200,0
11.78001,12,27116800,1
11.95,11.83,32196500,1
11.69,11.90001,44250300,0
11.55999,11.71,32103800,1
11.26001,11.58001,44720100,1
11.32001,11.29001,43044400,1
11.08,11.14,11028300,0
11.08,11.06001,15868200,1
10.93,11.06999,27654700,0
11.32001,11.03001,29552000,1
11.2,11.34,33267900,0
11.54,11.26001,22159400,1
11.32001,11.54,30482300,0
10.93,11.26999,21033700,1
10.94999,10.93,20794600,1
11.02,10.99,21332900,0
11.09999,11.11,20734600,0
10.94999,11.13,43857100,1
10.65,10.94999,31576100,1
10.05001,10.3,27609200,1
10.42001,10.07,31525600,1
10.7,10.42001,32284900,0
10.62,10.71001,13745200,0
10.57999,10.65,22061700,1
10.57999,10.62,33974000,1
10.74999,10.59,39970600,1
10.39999,10.71999,44109900,0
10.25001,10.42001,41968400,1
9.81999,10.25001,38644600,1
9.76999,9.75,28773100,1
9.61999,9.73999,18092000,0
9.64001,9.66,17953000,1
9.90001,9.66,17779800,1
9.73999,9.89,28919700,0
9.72,9.73999,14435100,1
9.55999,9.72,13717400,1
9.55999,9.58,33817700,1
9.29999,9.55999,18281800,1
9.29999,9.29999,16307300,1
9.32999,9.31,15167400,0
9.35001,9.32999,17425500,0
9.09999,9.32001,31599800,0
9.11,9.11,8413100,1
9.06001,9.11,16314700,0
8.71,9.06001,22567200,1
8.89001,8.79,13695500,1
8.89001,8.89001,9774600,0
8.66999,8.86999,14390300,0
8.74999,8.72001,8864400,1
8.66999,8.77999,11480100,0
8.80999,8.69001,22671800,1
8.62,8.80999,17247400,0
8.62,8.65,8704400,1
8.73,8.66001,7890000,1
8.71,8.73,6195000,0
8.62,8.72001,14441200,1
8.45,8.59,5005000,1
8.59,8.46001,4459100,1
8.60001,8.60999,7712700,0
8.25999,8.65,19521800,1
8.25999,8.25999,1774300,1
8.20001,8.25999,5011700,0
8.13,8.14999,6770500,1
8.31999,8.13,7716800,1
8.20001,8.33,5386600,0
8.34999,8.28999,11113400,1
8.28999,8.37001,12568400,0
8.14999,8.28999,9589400,1
8.28999,8.16,10751300,1
8.20001,8.3,12168100,0
8.53,8.20001,29012000,1
8.68,8.54001,8568900,0
8.48,8.60001,11123100,0
8.31001,8.51999,16323500,1
8.3,8.3,14077100,1
8.31001,8.3,10955500,0
8.60001,8.33,16594800,0
8.72001,8.60999,7274400,0
8.69999,8.73,7807200,0
8.77999,8.72001,24504000,1
8.40001,8.77999,28845800,0
8.18,8.40001,15526100,1
8.3,8.14999,8115000,1
8.22999,8.3,5897400,0
8.5,8.22999,8447600,1
8.48999,8.5,13865800,0
8.47,8.5,12500200,1
8.37001,8.47,7448800,1
8.25999,8.39,6508000,1
8.18,8.3,6619300,1
8.11001,8.18,6218700,1
8.21,8.05999,9502100,1
8.20001,8.21,5410800,0
8.20001,8.17001,8243900,1
8.47,8.27,16856700,0
8.66001,8.48999,11811100,0
8.86001,8.71,10077900,0
8.89999,8.85,9245200,0
8.86001,8.89999,14772300,0
8.86001,8.86001,8244400,1
8.63999,8.85,26296500,0
8.60999,8.63999,8246300,1
8.5,8.60999,15811500,1
8.51999,8.48,10516300,1
8.46001,8.54001,15233500,0
8.39,8.43999,13047000,1
8.54001,8.40001,13822100,1
8.63001,8.56,8894400,0
8.60001,8.63001,12710800,0
8.48,8.62,22356900,1
8.42,8.48,10509000,1
8.45,8.46001,5865500,1
8.51001,8.45,11946800,1
8.57999,8.51001,10035200,0
8.45,8.51999,11375800,0
8.34999,8.47,33140400,1
8.40999,8.3,11145300,1
8.37999,8.37999,10648200,0
8.20001,8.37999,17671200,0
8.54999,8.22999,28527900,1
8.45,8.54999,24746600,0
8.68,8.48999,34031800,1
8.51999,8.65,18567500,0
8.77,8.51001,24941400,1
8.65,8.76,30428900,0
8.5,8.65,21797100,1
8.45,8.5,16405000,1
8.46001,8.47,22408900,1
8.16,8.42,28703300,1
8.20001,8.19,10240200,1
8.22,8.22,21243700,0
8.1,8.21,17651100,0
8.33,8.13,23623100,1
8.25999,8.34001,17387100,0
8.3,8.28001,18961000,1
8.3,8.3,20212400,0
8.22,8.31001,36355800,0
8.20001,8.27,28024000,1
8.02001,8.18,54033400,1
7.92,7.92,15108800,1
7.9,7.9,15140200,0
7.88999,7.92,26912600,0
7.75,7.88999,15057400,1
7.78,7.79001,16745900,1
7.7,7.76999,10201200,1
7.79999,7.73001,14025500,1
7.30001,7.87,46357300,0
7.30999,7.32,8288200,1
7.35,7.21999,6392200,1
7.38,7.35,5067000,0
7.43,7.41,5235900,0
7.43,7.4,6100200,0
7.30001,7.43,7306400,0
7.58,7.36001,11140700,1
7.50999,7.65001,17043500,0
7.59999,7.53001,14229700,1
7.75,7.66,27840600,0
7.55,7.62001,31392800,0
7.75,7.59999,20888500,1
7.56999,7.72,31360900,0
7.59001,7.59999,34210400,1
7.52,7.56001,49633400,1
7.33999,7.46,44380800,1
7.01001,7.32,52449400,1
7.04999,6.98999,9768900,1
7.14,7.07001,12925400,0
7.17,7.11,14103700,0
7.12,7.17,35551800,0
7.18001,7.12,31216100,1
7.33001,7.18001,37118900,0
6.69999,6.66001,8072500,0
6.59,6.68,6730300,0
6.46001,6.6,12664100,1
6.58001,6.48,15783900,1
6.69999,6.59,8293800,0
6.78999,6.69999,6697200,0
6.69999,6.78999,4555800,0
6.74,6.69999,6246900,1
6.83,6.74,7631000,0
6.88,6.81999,7425800,0
6.77,6.85,7460900,0
6.95999,6.81001,16364600,1
7.04999,6.95999,5352500,0
6.91,7.04001,8319100,0
7,6.89999,9014600,1
6.88,6.94,7094200,0
6.85,6.88,5070100,1
6.8,6.86,9113700,1
7.04999,6.81999,12817600,1
7.04999,7.06,13080000,0
6.89999,7.04001,11609300,1
7.09,6.89999,10431200,1
6.86,7.01999,21623900,0
6.95001,6.86999,23498500,1
7,7.04001,8188000,0
6.91,7,12757600,1
6.88,6.95999,13145900,1
6.91,6.92001,8878800,1
7.18999,6.91,17923800,1
7.11,7.21001,14755600,0
7.15,7.14,11873500,1
7.27999,7.26,13725000,0
7.47999,7.35,13149700,0
7.4,7.47999,22151800,0
7.47999,7.38,15350500,1
7.53001,7.49,32440100,0
7.4,7.52,23527500,0
7.2,7.4,45876500,1
7,7.18999,19779600,1
7,7.01999,6133100,1
7.04999,7,14923500,1
6.92001,7.24001,26596400,0
6.72999,6.92001,9301200,1
6.92001,6.75001,10153300,1
6.89999,6.92001,8049700,0
6.86,6.89999,6954900,1
6.91,6.86,7100800,1
6.91,6.91,8388800,0
6.84001,6.91,17542700,0
7.24001,6.84001,21163400,1
7.2,7.24001,8431500,0
7.12999,7.18999,12597100,1
7.18001,7.12999,15121300,1
7.15999,7.15999,12183300,0
7.38,7.15999,18155300,0
7.41999,7.37,16746700,0
7.44999,7.41,13859800,0
7.59999,7.44999,19702600,0
7.78,7.56999,31195700,0
7.69,7.78,31071100,0
7.62001,7.65001,6672400,1
7.73001,7.66,12023500,1
7.59999,7.73001,14859300,0
7.62001,7.59999,20859900,1
7.75,7.62001,25845700,0
7.95,7.73999,41258000,0
7.95,7.96999,27146000,0
7.9,7.88001,24102300,1
8.11001,7.91001,36374100,0
8.07,8.11001,24378600,0
7.95,8.07,39836200,1
7.88001,7.79999,19145400,1
8.04,7.87,27368400,0
8.16,8.04,30092300,0
7.66,8.11999,57187100,0
7.88001,7.66,32596600,1
7.50001,7.88001,56564200,0
7.36001,7.50001,27033300,1
7.4,7.37,18129600,1
7.27999,7.44001,24632700,0
7.39001,7.30001,25571600,1
7.47001,7.41999,38402000,0
7.55,7.47001,63397600,0
7.67,7.65001,110612400,0
6.72001,7.39001,97890100,0
6.75001,6.72001,4993600,1
6.88,6.78001,2435500,0
6.8,6.88,3775600,0
6.89999,6.8,6200700,1
6.95999,6.92001,4095600,0
6.95001,6.95999,3039900,0
7.01999,6.97,6618700,1
6.92999,7.01001,16313900,0
6.8,6.92999,16834700,1
6.68,6.69999,10322500,1
6.8,6.68,10169300,1
6.88,6.77,12362900,0
6.98001,6.88,9011900,0
7,7,5702700,0
7,7,6797900,0
7.03,7,4536300,0
7.04001,7.01999,3414300,0
7.10001,7.03,6642100,0
7.11,7.11,8546800,0
7.11,7.12,26138800,0
6.98001,7.10001,8666000,1
7.10001,6.98001,7593900,1
7.15,7.07001,7463000,0
7.18001,7.17,7370300,0
7.2,7.21999,15124100,0
7.18999,7.18001,8789300,1
7.29,7.2,6825400,0
7.26,7.27999,5530400,0
7.43,7.33001,8005800,1
7.33999,7.43,22087400,0
7.35,7.33001,5343700,1
7.24001,7.29,6097100,0
7.23,7.24001,5634500,1
7.27001,7.23,5814400,1
7.23,7.24999,5611400,0
7.21999,7.23,5020600,1
7.30999,7.24001,10634300,1
7.4,7.30999,6675400,0
7.4,7.41,7604200,0
7.50001,7.4,14116400,1
7.55,7.50001,5466400,0
7.67,7.55,6373100,0
7.62001,7.67,6948100,0
7.55,7.62999,9024200,1
7.52,7.53001,7148700,1
7.66,7.53001,9098400,1
7.61,7.64,7205400,0
7.62001,7.59001,10321100,1
7.59999,7.62001,7792700,0
7.66,7.59999,22606900,1
7.41,7.67,17505100,0
7.44999,7.4,3167000,1
7.41,7.44999,2984100,0
7.41999,7.44001,4232200,1
7.50001,7.38,7916800,1
7.41999,7.49,10969000,0
7.30999,7.44001,8589200,1
7.4,7.30999,13924200,1
7.50001,7.41,61993300,0
7.49,7.50999,15355900,0
7.36001,7.44999,11098300,1
7.18001,7.35,14906200,1
7.44999,7.18999,14858400,1
7.30001,7.33001,16403800,0
7.84,7.30001,46933900,1
8.05001,7.85001,16528100,0
8.02001,8.05001,7312500,0
8.20001,8.04,11287700,1
8.24,8.22,10453300,0
8.33,8.24,11107900,0
8.3,8.31999,14381400,0
8.48,8.28001,9411800,1
8.48,8.48,9954300,0
8.48999,8.51001,10572800,0
8.56,8.48999,11838900,1
8.71,8.56,11508100,0
8.69999,8.74,8201500,0
9.00999,8.69999,16953800,1
9.26,8.98001,42859500,0
8.89999,9.18999,9259500,0
9.18001,8.89999,26187700,1
9.34,9.18999,19575400,0
9.03,9.32001,30320700,0
8.77999,9.03,21924200,1
8.88,8.77999,17904300,1
8.54001,8.69999,19054600,0
8.25999,8.45,8251000,1
8.36,8.20001,3616000,1
8.34999,8.37001,3749400,0
8.45,8.37999,3416600,1
8.5,8.46001,2296800,0
8.40001,8.48999,2428900,0
8.48,8.40001,4232700,1
8.56,8.48,3766900,0
8.5,8.54999,3513800,0
8.74999,8.5,4085900,1
8.69999,8.74,6481900,0
8.51999,8.59,2100700,1
8.57999,8.51999,2167400,1
8.60001,8.57999,1572500,0
8.62,8.59,2658600,0
8.57001,8.62,3034200,0
8.80001,8.57001,7815000,1
8.69999,8.80001,4786500,0
8.76,8.72001,6578700,1
8.66001,8.76,9460700,0
8.69001,8.66999,4606800,1
8.69999,8.69999,6222400,0
8.54999,8.71,16163100,0
8.60999,8.56,6870600,1
8.71,8.66001,4025300,0
8.60001,8.69999,6684000,0
8.48999,8.59,7996500,1
8.40001,8.48999,8830000,1
8.65,8.42,7707000,1
8.57999,8.66999,40637300,0
9.02,8.53,27953400,1
9.09999,9.00999,5994000,0
9.21001,9.11,6517500,0
9.06001,9.18999,6179200,0
9.24999,9.06001,9440200,1
9.24999,9.27001,9076100,0
9.27001,9.29,13462800,1
9.17,9.26,9719200,1
9.38001,9.18999,14884600,1
9.35999,9.4,3901300,0
9.47001,9.38999,11198200,1
9.38999,9.51,11902400,0
9.34,9.38999,12377900,1
9.09001,9.32001,15642700,1
8.99,9.09001,9348800,1
8.91,8.99,3632700,1
9.09999,8.95001,7700700,1
9.18001,9.15001,4932900,0
9.09999,9.18001,3945100,0
9.15999,9.09001,5006300,1
9.15999,9.18001,12291500,0
9,9.14,5755800,1
9.00999,9.02,11079700,1
8.82,9.00999,9633100,1
8.83001,8.79,5534900,1
8.69999,8.83001,5265000,0
8.66999,8.65,4663500,1
8.80001,8.69001,5381900,0
8.86001,8.80001,3167500,0
8.82,8.86001,4364600,0
8.83001,8.82,4942600,1
8.66001,8.83999,5523500,0
8.80001,8.66001,12301900,1
8.99,8.79,4600000,0
8.95001,8.95999,8965100,0
8.60001,8.94,12809300,1
8.77,8.60001,10865700,1
9,8.77999,13066900,0
8.89999,9,6586100,0
9,8.89999,9709000,1
9.2,9,12271700,0
9.29999,9.24001,7619700,0
9.28,9.31,4486100,0
9.50001,9.28,7162000,1
9.52,9.50001,11477800,0
9.41999,9.52,12291200,0
9.47001,9.38001,5275400,1
9.34,9.47001,10823800,0
9.21999,9.32999,7813400,1
9.35001,9.23,8580800,1
9.34,9.29999,13177000,0
9.29,9.35999,8201800,0
9.38999,9.24999,12256200,1
9.41999,9.38999,9208400,0
9.38001,9.4,10753900,0
9.44001,9.28,10443600,1
9.64999,9.44001,6342300,0
9.61999,9.63,6278200,0
9.4,9.58999,11336400,1
9.4,9.38001,9943300,1
9.61999,9.41001,8555700,0
9.8,9.61999,30009500,0
9.84999,9.78,24205000,0
9.50001,9.84999,19808700,0
10.06,10.06,10878000,1
9.87999,9.99999,8968100,0
10.1,9.86,28695200,1
9.99999,10.06,22875400,0
10.28999,10.05001,21666100,1
10.18,10.28001,15010200,0
10.3,10.19001,10383500,1
10.1,10.3,14665700,0
10.15,10.09,14853000,1
10.27,10.13999,20525800,0
10.51999,10.3,20441200,0
10.39999,10.51001,14107100,0
10.60001,10.48999,34461300,1
10.94999,10.60001,66982900,0
11.16,10.94999,23847500,0
11.2,11.15001,22796000,0
11.16,11.2,18816000,0
11.13,11.14,17645900,1
10.9,11.11,16669100,1
10.97001,10.86001,15261700,1
11.02,11.00001,10263000,0
11.12001,11.05,11982900,0
11.03001,11.09999,26228800,0
11.08,11.00001,25041900,1
11.32999,11.2,35761800,0
11.06001,11.32999,36404200,0
10.94,11.00001,28491900,1
11.22,10.94,31472800,1
11.09999,11.17,30859300,0
11.06001,11.08,29886100,1
10.60001,11.05,34152400,1
10.80001,10.60001,18236300,1
10.77999,10.79,22683100,0
10.38,10.74001,20881200,1
10.38,10.34001,16903500,1
10.68001,10.38,16774700,0
10.9,10.68999,10714300,0
10.67,10.86001,17164800,0
10.94999,10.77001,18989700,1
10.80001,10.91999,25889000,0
10.86001,10.79,30209400,1
10.88,10.85,25573200,0
10.60001,10.76,16850100,0
11.00001,10.65999,33897700,1
11.23001,10.97999,37206900,0
11.69999,11.28,49406700,0
11.49999,11.69999,26240500,0
11.69999,11.49999,29755200,1
11.78001,11.74,30232400,0
11.93001,11.78001,20929000,0
11.55001,11.93001,18837100,0
11.49999,11.55001,20260200,1
11.75,11.51,37966700,1
12,11.75,30349800,0
12.41,12,25679100,0
12.10999,12.35,17029000,0
12.2,12.22001,46318400,1
13.17999,12.23,56138900,1
11.89,12,40088000,0
11.66,11.89,26756700,1
11.86,11.67001,36953100,1
11.68,11.25,17590800,0
11.4,11.68,16854800,0
11.41001,11.4,18363200,1
11.37,11.35999,16062300,0
11.75,11.39,25674900,0
12,11.75,30113800,0
11.46999,11.95,51462000,0
11.61999,11.46999,45775200,1
11.58001,11.63,24409900,0
11.4,11.55999,40167200,1
11.03001,11.35999,69467000,1
10.5,11.03001,48397200,1
10.39999,10.5,27363300,1
10.5,10.53,26957400,1
10.34001,10.51001,23779700,1
10.42999,10.32,20702800,1
10.36999,10.47,18195300,0
10.53,10.39999,18652600,1
10.5,10.54001,32925400,0
10.45999,10.45999,32528800,1
9.99999,10.35,40372300,0
9.99999,9.99999,24241700,1
9.90001,9.99001,12921300,0
10.04,9.98,16248800,1
10.18,10.04,23842000,0
10.28001,10.21,38206900,0
10.08001,10.21,83887900,0
9.90001,9.90999,78562500,1
9.67001,9.58,13360500,1
9.84999,9.64001,16836700,0
9.86,9.8,19567200,0
9.6,9.83,54133800,0
9.55999,9.6,42516900,1
9.70001,9.57,18302500,1
9.38001,9.67999,22482400,0
9.29999,9.32001,8892300,1
9.52,9.31,13007700,1
9.53001,9.52,14316200,0
9.47999,9.54,47650400,0
9,9.44001,30202100,1
9.06001,8.92001,18604700,1
8.77,9.03,14801400,0
8.57999,8.74999,7067200,1
8.80001,8.57999,6314600,1
8.82,8.72001,5815600,0
8.73,8.83001,5565700,0
8.77,8.73,13169800,1
8.80001,8.77,25636800,0
9.27001,9.18001,9700100,0
9.15001,9.27001,12732700,0
9.38001,9.18999,15266500,1
9.75,9.4,18542300,0
9.73999,9.72,18535000,0
9.52,9.75,43585500,0
9.38001,9.52,10178500,1
9.4,9.38999,8332300,1
9.55999,9.41001,15503000,0
9.37,9.55999,38881500,0
9,9.21001,14878600,1
9.11,9.00999,16268500,1
9.21999,9.09999,16909200,0
9.28,9.21999,22032700,0
9,9.28,27836000,0
9.18999,9,23313000,1
9.32999,9.18999,4506600,0
9.18999,9.35001,14222300,0
9.2,9.18001,9592000,1
9.50001,9.21999,32296400,0
9.72,9.52,12077400,0
9.67999,9.72,15340600,0
9.47999,9.67999,19991100,1
9.51,9.49,4631200,1
9.55,9.51,5107800,0
9.50001,9.53001,11619300,0
9.84,9.47999,16007000,1
9.90001,9.87001,10289900,0
10.02001,9.92,12982000,0
9.99999,9.99001,22817700,0
9.55,9.98,39318700,0
9.73999,9.55999,9062000,1
9.6,9.72,31508700,0
9.4,9.47001,16166700,1
9.61001,9.41999,14242700,1
9.73999,9.61999,17504400,0
9.99999,9.73999,16476900,0
10.10999,9.98,14118100,0
10.1,10.13,11675100,0
9.96999,10.08001,11192800,1
10.02001,9.98,16149600,1
10.09,10.02001,15328900,0
10.33,10.08001,10562000,0
10.3,10.32,8684900,0
10.3,10.34001,9411300,1
10.5,10.31001,9759600,1
10.35,10.51001,14881800,0
10.13999,10.35,7751300,1
10.51999,10.16999,12704100,1
10.5,10.33,8093000,0
10.33,10.35,9027800,0
10.28001,10.33,8933400,1
10.71999,10.51999,11295200,1
10.80001,10.71999,5139400,0
10.86001,10.80001,6402900,0
10.80999,10.86001,5663900,0
10.88999,10.87,4602400,1
11.00001,10.9,12293900,0
11.08,11.00001,10023200,0
11.29999,11.09999,4867300,0
11.2,11.26999,7928400,0
11.05,11.17,5046800,1
11.32999,11.09001,8922000,1
11.15001,11.29999,12724800,0
11.35999,11.17999,8824200,1
11.43,11.37,6091200,0
11.2,11.42,14228400,0
11.09001,11.2,12007200,1
11.14,11.09001,13719600,1
11.22,11.13,11584700,0
11.15001,11.2,14541800,0
11.26001,11.13,25000600,1
11.46,11.29001,19436700,0
11.49999,11.52001,12890600,0
11.51,11.55999,12447700,1
11.89,11.49999,42536400,1
11.87999,11.8,13333600,0
12.30001,11.92,26735600,0
12.2,12.30001,25672500,0
12.10001,12.15,10830000,1
12,12.04001,13202200,1
12.07999,11.97,8224200,1
12.01,12.01999,34192400,0
11.58999,12,35395400,1
11.8,11.58999,9901200,1
11.69999,11.81001,11071200,0
11.58001,11.69999,12314900,1
12,11.71,23100600,1
12.07999,12.01,16108700,0
11.8,12.07999,23055300,0
11.6,11.77,26195900,1
11.55001,11.67001,13514400,1
11.74,11.64001,19446000,1
11.52999,11.72999,37556300,0
11.8,11.57,18615600,1
11.77,11.78001,20759300,0
11.96001,11.84001,20739700,1
12.39999,12.06,22421800,0
12.29,12.42001,32360000,0
12.26,12.27999,35740900,1
12.50999,12.26,34142300,1
12.78,12.50999,17519800,0
12.7,12.79,24629900,0
13.00001,12.76,13289100,1
12.62001,12.91999,24018900,0
12.59999,12.59999,28240000,1
12.94999,12.61,28094600,0
13.14999,12.97001,27180400,0
13.37999,13.19,20622200,0
13.1,13.37001,31206100,0
13.48,13.16,26661000,1
13.40999,13.45,21205700,0
13.40001,13.40001,34813900,1
13.40001,13.39,44564900,0
13.92001,13.46001,50005900,0
13.88,13.89,65179500,0
13.63,13.8,58907900,1
13.65,13.63,72532200,1
12.91999,13.63999,62811800,0
12.91999,12.99,28824600,1
13.17999,12.91001,38763400,1
13.54,13.25,42496800,0
13.43999,13.54,48241400,0
13.34999,13.46001,64210400,1
12.88001,13.37999,66142100,1
13.69999,12.99,133372600,1
12.94999,13.71,107673700,0
13.00001,12.93,143343000,1
11.49999,12.50999,120142200,0
11.87999,11.37,73191600,1
12.15,11.95,39841100,0
12.10001,12.13999,28120800,0
12.39001,12.10001,80349700,1
12.79999,12.24999,56479900,0
12.93,12.74001,73561500,0
12.45999,12.91999,147780200,0
12.39001,12.45999,55796000,1
11.93001,12.39001,95167100,1
11.8,11.87999,54103600,1
11.87999,11.75999,75510200,1
11.37,11.69999,69199900,0
11.32001,11.37,31002700,1
11.26999,11.35001,66143000,1
10.9,11.26999,40898900,1
11.19,10.94,33746700,1
11.16,11.19,28749100,0
11.15001,11.16,61939000,1
10.94,11.15001,47122300,1
10.91,10.94,80971300,1
10.48001,10.91999,80851700,1
10.3,10.48001,57546700,1
10.47,10.33,33830200,1
10.45001,10.47,41023000,0
10.24,10.44,62938700,1
10.21,10.24,56816100,1
9.90001,10.24,87458900,1
9.81999,9.92,33314800,1
9.76999,9.78,10853400,1
9.75,9.78,6723000,1
9.78,9.73001,11266600,1
9.70001,9.79001,8464700,0
9.70001,9.70999,15558400,1
9.84999,9.70999,15109300,1
9.81999,9.84999,11204600,0
9.99999,9.84999,15573400,1
10.09,9.99999,13461400,0
9.93001,10.1,34536600,0
9.84999,9.90999,7787900,1
9.99001,9.81999,20159300,1
9.84999,9.99999,26811500,0
9.78,9.8,14466400,1
9.53001,9.76999,18030900,1
9.58999,9.64001,14740000,1
9.95,9.63,29672400,1
10.05001,9.95,16861000,0
9.98,10.04,17004800,0
9.99001,9.95,30701100,1
10.15,9.99001,25980000,0
10.12,10.15,21192800,0
10.31001,10.13,33935800,1
10.19999,10.31001,23646500,0
10.05001,10.19999,17422900,1
10.3,10.09,32165600,1
10.18,10.31001,81312600,0
10.02999,10.16999,39563900,1
9.92,10.07,80383600,1
9.58999,9.87999,47262700,1
9.64999,9.6,21818900,1
9.67001,9.66,52959100,0
9.90999,9.67999,94710500,0
9.50001,9.93999,275830800,0
9.99999,10.19001,79910000,1
9.96001,9.99999,36644900,1
10.25001,10.05001,43773300,1
9.29999,10.25001,84288200,0
9.6,9.32001,23333600,1
9.4,9.63,48777800,0
9.24999,9.32001,38452500,1
9.47999,9.24999,14610700,1
9.99999,9.86,33956600,0
9,9.67001,19055700,0
9.6,9.44999,4310200,1
9.89,9.61999,5250400,0
9.98,9.93001,3655800,0
10.06,9.96999,3623300,0
10.05001,10.07,3113500,0
9.99999,10.06,2915900,1
9.99999,9.96999,1422500,1
10.02001,9.99999,2858700,0
9.99001,9.99999,4009400,0
9.99999,9.99001,3256300,1
9.84999,9.93001,2794100,0
9.99999,9.90001,5673600,1
9.96999,9.95,2003100,0
10.07,9.99001,3044300,0
10.1,10.07,1915300,0
10.1,10.10999,1355000,0
10.22999,10.1,3826900,1
10.25001,10.19999,2901900,0
10.1,10.18,1759200,0
10.35,10.1,3530400,1
10.35,10.36999,7201500,0
10.08001,10.28999,3265500,1
9.99001,10.05001,5486400,1
10.3,10.06,2673500,1
10.19999,10.25999,2047200,0
10.16999,10.25001,4943000,1
10.42001,10.16999,5892300,1
10.73,10.45001,5610600,0
10.7,10.74999,3671800,0
10.77001,10.71999,4894800,1
10.65,10.77001,4106400,0
10.88,10.68001,3353100,1
10.80001,10.88,5036800,0
10.74999,10.88999,14838400,1
11.00001,10.71999,10886600,1
11.49999,11.00001,12960700,0
11.2,11.29999,6305900,0
11.25,11.19,4353400,1
11.09999,11.20999,10271200,0
10.88999,11.02,4646100,1
10.7,10.73,1429200,1
10.7,10.71001,3066200,1
9.99999,10.7,1264800,1
10.61,10.74999,2640300,1
10.80999,10.62,4612100,1
10.86001,10.79,2577300,0
11.09999,10.86001,3352100,0
11.15001,11.02,5340300,0
10.94999,11.12001,6214000,0
10.83999,10.91,2401200,1
10.65999,10.83999,2980500,1
10.94999,10.65999,4399000,1
10.60001,10.93,5194600,0
10.80001,10.61,4466000,1
10.80001,10.80001,3991900,0
11.03999,10.83001,6404200,0
11.39,11.03001,7445100,0
11.55001,11.39,3540400,0
11.8,11.49999,4788400,0
12.01,11.87001,9870500,0
11.90001,11.90999,3299700,0
11.90001,11.92,3511400,1
11.90001,11.90001,2810700,1
11.84999,11.89,3644500,0
11.83,12.10001,7980000,1
11.95,11.84999,3115100,1
11.90999,11.95,6616400,0
12.30001,11.90001,13752200,1
12.30001,12.33001,3310800,0
12.32,12.33001,4743600,1
12.36001,12.35,10027800,1
12.2,12.33001,6573600,0
12.39999,12.24,12715600,1
12.5,12.42999,10820400,0
12.82,12.58,21324900,0
13.00001,12.84,15763000,0
12.59999,13.00001,30109100,0
12.49,12.52,6799000,1
12.48001,12.49,6175800,1
12.62001,12.48001,11807500,1
12.55,12.62001,10215600,0
12.77001,12.59001,28243800,1
12.79999,12.77001,28412400,0
12.30001,12.78,75340800,0
12.27999,12.30999,25286000,1
18.20002,18.4,70142500,1
17.29999,18.15998,66363700,1
16.99999,17.24001,7211900,1
16.89998,16.93001,3846300,1
16.99999,16.89998,2137200,1
16.80001,16.92,7836100,0
17.28001,16.96,16531000,1
17.28998,17.33002,3678300,0
17.20002,17.37999,4438000,1
17.4,17.44,6492900,1
17.4,17.4,2517100,1
17.10001,17.33999,4882400,0
17.49001,17.22,4964400,1
17.4,17.49001,6089400,0
17.4,17.4,3513900,1
17.46002,17.45001,10477600,0
17.18,17.58001,15744300,0
17.06001,17.20999,5045000,1
17.20999,17.07002,8346500,1
17.59999,17.36,8574200,0
17.49001,17.57,12061800,0
17.24999,17.50001,19540200,1
17.76001,17.37001,9621100,1
17.29999,17.76001,22602300,0
17.27,17.35,7744300,1
17.22,17.27,3667500,1
17.05,17.22,8256600,1
16.85001,17.25999,7077000,1
16.81002,16.83,3509600,1
16.77999,16.81002,5918100,1
17.32001,16.81999,11947300,1
17.37999,17.33999,6791500,0
17.50001,17.37999,5889900,0
17.35,17.37999,6218700,0
17.7,17.37999,11197500,1
17.51999,17.68999,16059800,0
17.20002,17.53,11490100,1
17.76999,17.35,38744400,1
17.06001,17.11999,11904200,0
17.20002,17.06001,22818900,1
16.80001,17.32001,74437800,0
16.77999,16.77999,44850400,1
14.8,15.25002,7603100,0
14.94999,14.67001,1299600,1
14.69999,14.55999,962200,0
14.38002,14.68999,2744200,0
14.37001,14.38002,1076100,1
14.46001,14.37001,1641700,1
14.69999,14.46001,1641000,0
14.77999,14.66,1496100,0
14.69999,14.77999,2203900,0
14.75,14.75,2037600,1
14.68001,14.72998,3533600,0
14.20001,14.67001,4454600,1
14.4,14.20998,3108700,1
14.20001,14.49,6566800,0
14.29999,14.16001,2284500,1
14.50001,14.38002,2283400,0
14.55999,14.49,3386400,0
14.8,14.45,5448400,0
14.88,14.64999,2618100,0
14.90002,14.72998,3250100,0
14.99999,14.85001,3839500,0
15.1,14.98998,3353400,0
15.34999,15.07001,2571300,0
15.25002,15.29001,7512300,0
15.21999,14.94001,3715000,1
15.05,15.21999,3578400,0
15.29999,15.01,7337900,1
15.72001,15.37001,6239800,0
15.85998,15.7,3479700,0
16.12999,15.89001,6644500,0
16.49,16.16002,2003000,0
16.32001,16.37001,3561100,0
16.58001,16.4,2115100,1
16.20999,16.50001,5302100,0
16.08999,16.24001,5304300,1
15.93001,16.08999,4534000,1
16.24998,15.93001,4961400,1
16.4,16.23,3118500,0
16.32001,16.4,2510900,0
16.50001,16.4,2405000,1
16.4,16.63001,4130700,0
16.45001,16.42002,4023600,1
16.50001,16.42999,3535700,0
16.50001,16.51999,2117200,0
16.55999,16.55999,3344900,1
16.51999,16.59999,3594900,0
16.86999,16.55002,5185000,1
16.79,16.86999,6238900,0
17.24999,16.76998,10383900,1
16.94999,16.93001,5299000,0
17.02998,16.89998,7249100,0
16.77999,16.94002,11823800,0
16.38999,16.79,5579100,1
16.47999,16.37998,4761300,1
16.50001,16.45001,5042800,0
16.84,16.4,9397300,0
16.53,16.85001,8430500,0
16.57,16.81002,10098600,1
16.94999,16.59001,10126700,1
16.89998,16.93001,10536700,0
17.07999,16.85999,16962200,1
17.37999,17.07999,27611100,0
17.10001,17.03999,27085000,0
16.59999,17.03999,29561100,0
16.66,16.88,29363600,1
16.72001,16.37001,35206600,1
16.03002,16.64999,57019100,0
15.05,16.16999,105333300,1
15.38002,15.08999,13986200,1
15.25002,15.41001,12313300,0
14.88,15.08999,19471900,1
14.25999,14.77001,7890700,1
14.28001,14.25999,7671900,1
13.98001,14.20001,4338000,0
13.69999,13.97,1332200,1
13.90001,13.84,2008500,1
14.1,13.93,2211300,0
13.99999,14.07998,2815300,0
14.20001,13.97,6754200,1
14.55001,14.24001,7117600,0
14.59998,14.58,7158600,0
14.15001,14.51002,5250400,0
14.50001,14.15001,4945800,1
14.34999,14.43999,7924900,0
14.29999,14.04999,7732300,1
14.51002,14.14,18330100,0
13.28,13.19,2315500,0
12.95002,13.28,4693200,0
13.91999,13.06,6026600,1
14.06,13.88,2905600,0
13.76001,13.97,7807700,0
13.1,13.84,5171200,1
13.25999,13.1,3520900,1
13.68998,13.26999,5064800,0
13.78999,13.88,4187200,0
14.19,13.84,4289500,1
14.15001,14.33998,4660000,0
14.42001,14.24001,2169500,1
14.67001,14.42001,4451000,0
15.1,14.8,1811400,0
14.99999,15.03002,4562000,0
15.05,14.99999,2488000,1
14.99999,14.99999,2096200,0
15.29999,14.99999,3751800,0
15.59998,15.36,1297200,0
15.45,15.68999,2177300,0
15.28001,15.38999,2820100,1
15.45,15.27,2968500,1
15.38002,15.46001,2859000,0
15.34999,15.27,3617300,1
15.72001,15.34999,2941400,0
15.86999,15.77002,2545200,0
16.15001,15.86999,3212800,0
16.18,16.28001,5152300,0
15.90999,16.18,1775400,1
16.07999,16.06001,4972600,1
16.02001,16.06001,1954400,0
16.15001,16.08999,3364900,1
16.32001,16.15001,4270900,0
16.51999,16.4,2740400,0
16.46999,16.51999,3650700,0
16.7,16.49,4544700,1
16.64999,16.7,2787300,0
16.99999,16.67001,6420200,1
16.68002,17.03999,8688300,0
16.63001,16.67001,3452300,1
16.59999,16.63001,5315900,1
16.89001,16.59999,4524700,1
16.89998,16.85001,4896900,0
16.68999,16.81002,2553900,0
16.85001,16.68999,3749600,1
16.99999,16.89998,10425300,0
16.68999,16.94002,20565400,0
16.34999,16.68999,10130700,1
16.25999,16.32001,2249500,1
16.05,16.19001,9708500,1
16.88,16.03002,9708500,1
15.80001,15.88,1388500,0
15.7,15.88,1649400,1
15.7,15.72998,1972200,1
15.99999,15.76001,2065500,1
15.45,16.03002,5596900,0
15.15001,15.45,3143800,1
15.77999,15.29999,4128900,1
15.90002,15.88,2470500,0
16.03002,15.77999,3288100,0
16.20001,16.03002,2399100,0
16.22,16.29999,3542900,0
15.99999,16.19001,2632300,1
16.36,16.07001,3262700,1
16.37998,16.37998,5021300,0
16.02001,16.36,8845000,0
16.25999,16.03999,11760400,1
16.80001,16.36,29909200,0
16.31,16.31,38434900,0
14.99999,14.82999,4869400,0
15.4,14.99999,9461000,0
15.68001,15.42999,5805800,0
15.42999,15.7,14714300,0
15.55999,15.47999,5666900,1
15.29999,15.55999,7543000,0
14.59998,15.20001,6585300,1
14.81001,14.54,2900900,1
15.1,14.85001,2483500,0
14.88,15.07999,1363500,0
15.21999,14.86999,1700400,1
14.99999,15.21999,2362000,0
14.8,14.93,1216600,1
15.05,14.85001,1934100,1
14.99999,15.06,1725900,0
14.99999,14.98001,1646600,1
14.99999,15.07001,1708200,0
15.50001,15.12002,5752700,1
14.69999,15.45,7099300,0
14.50001,14.68001,2128500,1
14.84,14.51999,3503500,1
15.16999,14.85001,2250400,0
15.02001,15.02001,1616500,0
14.81001,15.02001,5732200,0
15.4,15.33001,2402300,1
14.98998,15.4,3915100,0
15.42002,15.06,3134600,1
15.38002,15.46001,4420300,0
15.29999,15.72001,3211700,1
15.34999,15.29999,1941300,1
15.32,15.4,1281600,0
15.31,15.32,1057800,1
15.45,15.34999,2525300,1
15.1,15.4,2933000,0
15.29999,15.11001,4527000,1
15.85001,15.34999,2771700,0
15.4,15.53,1917800,0
15.80001,15.50001,3616600,1
16.07999,15.85998,1595900,0
15.7,16.05,3169700,0
15.55001,15.62,2066900,1
15.88,15.64002,2132200,1
15.92,15.88,1581800,0
15.81999,15.90002,5310600,0
15.81999,15.81999,3947900,1
15.47999,15.81999,6923900,0
15.18,15.4,4069500,1
15.50001,15.20001,6037500,1
15.50001,15.56999,20821300,0
16.80001,16.01,25036800,1
17.89001,17.79,2897500,0
18.24002,17.85999,3542800,0
18,18.24002,4260800,0
18.29999,17.81002,7104400,1
19.40001,18.45001,8002800,0
19.65,19.58998,2124100,0
19.37999,19.68999,3098200,0
19.59999,19.39,2377700,1
19.94999,19.68999,2808100,0
20,19.94999,3374800,0
20,19.93001,3619700,0
19.31,19.93001,8391600,0
19.18,19.29999,2145500,1
19.40001,19.15999,7256200,1
19.61,19.39,3568800,0
19.75001,19.54999,2798300,0
19.89002,19.7,3022100,0
20,19.89002,1443100,0
19.92001,19.97998,1185300,0
20,19.93001,1659300,1
20.15002,20,1841600,0
20.02999,20.11999,6354600,0
19.89999,19.98999,1516600,1
19.93999,19.89002,2108100,1
19.94999,19.89002,1689400,0
19.92001,19.94999,2194500,0
20.06001,19.92001,3652700,1
20.10001,20.06001,3009300,0
20.28002,20.15002,3742500,0
20.24999,20.20999,3369100,0
20.17,20.20999,2383100,0
19.88001,20.01001,2855900,1
19.81999,19.84998,6234800,1
19.80001,19.81999,3005800,1
20.15002,19.81999,7354300,1
20.10001,20.19001,7845500,0
20.62001,20.19999,6935200,1
20.59999,20.58999,5134300,0
20.61,20.56,4758300,0
20.66001,20.65,4403200,0
20.80999,20.66001,5247700,0
20.40001,20.80999,16401800,0
20.3,20.36998,3650300,1
20.10001,20.28002,3605900,1
20.3,20.07999,4403500,1
20,20.23001,5667000,0
20.14001,20,5168000,1
20,20.10998,5450100,0
20.26,19.98999,3528100,1
20.3,20.11999,5108300,0
20.45998,20.28999,4557700,0
20.23001,20.45001,7256100,0
20.37999,20.23001,3753700,1
20.15999,20.24999,6235100,0
20.22,20.15002,5341000,1
20.58001,20.24999,2945900,0
20.35,20.50002,4489500,0
20.40001,20.32999,2865300,1
20.24999,20.32999,3635600,0
20.06999,20.19999,2374500,1
20,20.05,1958700,1
20.02002,20,3585900,1
20.10001,20.02002,2590100,0
20.32001,20.10998,2256000,0
19.96,20.32999,3941400,0
20,19.94999,5160800,1
20.54999,20.14001,4212400,0
20.50002,20.50999,2864400,0
20.50999,20.49001,6119700,1
20.59999,20.52,5307000,0
20.71001,20.59999,6130400,0
21,20.71001,6053100,0
21.19999,20.98999,6810100,0
21.19999,21.19001,6146400,0
21.18001,21.19999,4097000,0
21.43,21.18001,5770300,1
21.35,21.37999,5783400,0
21.3,21.28002,2918100,1
21.3,21.24999,2870200,0
21.37999,21.3,4480100,0
21.01001,21.3,4189100,0
21.23001,20.98999,10534300,1
21.34,21.22,6861800,0
21.10999,21.32999,7972400,0
20.89999,20.97998,3788900,1
20.88001,20.89999,5517400,1
21,20.88001,4394300,1
20.84998,21,4412300,0
20.61,20.78,3152200,1
21.13,20.63002,5879900,1
21.10001,21.13,9208800,0
20.56,21,9390000,1
20.50002,20.49001,3374700,1
20.50002,20.50002,2678700,0
20.50999,20.50999,2714800,0
20.59999,20.50002,3163800,0
20.40001,20.58001,4254500,0
20.65,20.40001,3132500,1
20.93001,20.71999,2604100,0
20.95,20.93001,8968000,0
20.40001,20.89999,14265400,0
20.28002,20.41001,2983600,1
20.26,20.27001,2619000,1
20.50002,20.27001,3766800,1
19.98999,20.45001,13159300,0
19.81999,19.89999,1616500,1
19.80001,19.84998,1371800,1
19.93999,19.79001,1913700,1
20.65,19.93999,4719600,0
19.18,19.76002,5247300,0
19.29999,19.19001,3688600,1
20,19.32001,5372500,0
20.18,19.92001,2649600,0
19.92001,20.15999,1972800,0
19.96,19.92001,2464700,1
20.02002,19.96,2203500,0
20.15002,20.02002,2066700,0
20.40001,20.19999,1555100,0
20.02002,20.40001,3377700,0
19.88001,20.02002,3266700,1
20.05,19.88001,3503500,1
20.20999,20.02002,1708700,0
20.19999,20.19001,2908300,0
20.85999,20.22,3447500,0
20.7,20.76999,6045000,0
20.26,20.54999,3683600,1
20.10998,20.24999,2894100,1
19.89999,20.10001,3831900,1
20.37999,19.92001,5543400,1
20.40001,20.36998,4525000,0
20.3,20.39,6276100,0
20.19999,20.24999,5938100,1
19.87,20.19999,7058800,1
20.36001,19.87,11527100,1
20.65,20.37999,10008300,0
20.82,20.65,6450200,0
20.92001,20.82,5286300,0
20.75001,20.92001,4433000,0
20.65,20.75001,3462700,1
20.75001,20.58999,4646700,1
20.65,20.75001,6002300,0
20.59999,20.61,5609000,1
21.05001,20.63002,12633300,1
21.32999,21.06001,10624600,0
21.35,21.32001,5611400,0
21.40001,21.35,7305300,0
22.11999,21.49998,8439100,0
22.01001,22.11999,7197000,0
21.95,21.95,5690700,1
21.48,21.75001,3641900,0
21.70001,21.43,3314300,1
21.31001,21.70001,3101500,0
21.65,21.32999,4134800,1
21.61,21.65,3134200,0
21.72999,21.61,3793500,1
22.10001,21.74,4121900,0
21.89999,22,3811800,0
22,21.89999,5427200,1
22,22,3890000,0
21.97999,21.97999,5771600,0
22.24999,21.98999,5567100,0
22.06999,22.23999,4804300,0
22.40001,22.06999,8726100,1
22.22001,22.49999,44555700,0
22.3,22.18001,7846700,1
21.84001,21.88998,5622700,0
21.88998,21.74,4089900,1
22.10001,21.92001,5692600,0
22.24999,22.05001,7131800,0
22.05001,22.23001,11429600,0
22.10001,22.05001,6977100,1
21.95,22.08,8861700,0
21.75001,21.89999,11960700,1
21.45999,21.70001,3763500,1
21.35,21.43,3240100,1
21.37999,21.36001,3547000,1
21.41999,21.36998,3121300,0
21.61,21.41999,2630500,0
21.41002,21.59999,7457600,0
21.37999,21.41999,2561300,1
21.41002,21.3,3430400,1
21.40001,21.40001,3108500,0
21.67999,21.44001,7101400,0
21.97999,21.67002,2798600,0
21.62001,21.91,5588000,0
21.70001,21.62001,2092800,1
21.62998,21.70001,5674900,0
21.3,21.61,3360800,1
21.45001,21.3,1904600,1
21.37999,21.43,1850100,0
21.3,21.37999,1640800,1
21.80999,21.35,1904600,1
21.70001,21.79001,3544500,0
21.88001,21.58999,2539800,1
21.98999,21.80999,6388700,0
21.35,21.96001,5241500,0
21.59999,21.35,2673800,1
21.49998,21.59999,2194500,0
21.95,21.49998,2732100,1
21.49998,21.80002,4704200,0
21.39,21.43,3610800,1
21.24999,21.28002,4273400,1
21.27001,21.23998,3770700,1
21.35,21.27001,6282700,0
21.15999,21.3,4897900,0
21.70001,21.19999,7100400,1
22.19002,21.78,4895500,0
22.28999,22.15999,3374700,0
22.49999,22.28999,3091500,0
22.39,22.50999,6214200,0
22.35001,22.40001,3692500,1
22.19999,22.22001,4612800,1
22.19999,22.19999,4694900,1
22.06002,22.18001,4888100,0
22.40001,22.06002,10675700,1
23.19999,22.41999,18662800,0
23.22001,23.15999,4774300,0
23.23999,23.19999,7001400,0
23.23999,23.25,6703900,0
23.52,23.34,7150900,1
23.69,23.52,6085200,0
23.75001,23.69,5085000,0
23.61001,23.75001,8488300,0
23.6,23.61001,6110300,1
23.70001,23.6,13604800,1
24.05001,23.79998,6211100,0
24.12,23.97002,6456800,0
24.21,24.05001,3801600,0
24.10999,24.18001,10224100,0
24.06999,24.13001,6794500,1
24.12,24.06999,4700700,1
23.9,24.12,8548000,0
23.9,23.9,7713300,1
24.19999,23.9,7236700,0
23.9,24.06999,7257700,0
24.00001,23.9,4736300,1
23.9,23.86,5388400,0
23.91,23.88001,7222100,0
23.9,23.9,8445000,0
24.10999,23.84999,7309000,0
24.05998,24.05001,5872300,0
24.02999,24.05001,10491100,0
24.40001,23.99,14481700,1
23.40001,24.53001,84177700,0
23.49999,23.39,4792200,1
23.3,23.52,5373800,0
23.56,23.31001,4893200,1
23.79998,23.53999,7039600,0
23.79998,23.45002,6638900,0
23.40001,23.71002,9818700,0
23.40001,23.35001,5665000,1
23.65,23.40001,5917100,0
23.45002,23.6,7269900,0
23.78,23.44001,7019200,1
23.49999,23.6,11334900,0
23.10999,23.45999,8569700,1
23.3,23.10999,7062700,1
23.08,23.25,4592600,0
23.14999,23.08,4684900,1
23.25,23.22001,5046300,0
23.19999,23.25,5377300,0
23.49999,23.23001,7195600,1
23.3,23.54999,8060900,0
23.45002,23.3,12360600,1
23.43,23.40999,8629600,0
23.6,23.41999,9834700,0
23.57001,23.57001,8566600,0
23.53999,23.56,8709800,0
23.75001,23.53999,6323400,1
23.6,23.70001,5564700,0
23.79998,23.65,4927200,1
24.00001,23.79998,6497500,0
24.44998,23.97002,9089500,0
24.3,24.36002,10696300,0
24.00001,24.18001,33770900,1
23.67999,23.84002,6344000,1
23.49999,23.62001,6946400,1
24.00001,23.54999,8698200,1
23.99,23.91,14941700,0
23.9,23.92001,12448700,0
23.66001,23.84002,9323100,1
23.79998,23.65,12786400,1
23.49999,23.70001,10814500,0
23.49999,23.44001,8057300,1
23.40001,23.45002,12766900,0
23.74001,23.40001,10542900,1
23.9,23.74001,11171300,0
24.32999,23.9,12829500,0
23.70001,24.29,26987700,0
23.49999,23.62999,12267000,1
23.84999,23.47,10249400,1
23.49999,23.69,12805400,0
23.3,23.49999,9908900,1
23.14999,23.25,10457700,1
23.25,23.14999,7572200,1
23.06999,23.19999,7351100,0
23.95,23.05998,14474000,1
23.92998,23.93999,10537900,0
24.00001,23.9,12025000,1
24.40001,24.00001,20846100,0
24.9,24.43,9248900,0
24.74001,25.00001,11395300,0
25.00001,24.74001,11655500,1
24.88002,25.00001,12632200,0
24.80999,24.83998,8196400,1
25.14999,24.82,20988000,1
25.00001,25.14999,8355900,0
25.3,25.31999,12906200,1
25.44999,25.3,9779500,1
25.31001,25.31999,13821600,0
26.00001,25.3,28309900,1
25.68,25.83001,39927800,0
25.44999,25.6,14929000,1
25.61998,25.44999,16447500,1
25.6,25.56001,22053200,0
25.71999,25.53999,11810400,0
25.42,25.69,21316400,0
25.14999,25.31001,10390000,1
24.9,25.14999,12162400,1
25.19999,24.9,15285800,1
25.19999,25.23999,12415800,0
25.44999,25.22001,15333000,1
25.25,25.38,15618300,0
25.55,25.18001,26600400,1
26.03,25.49999,25106300,0
25.70998,25.9,21865800,0
26.01002,25.51,77568400,1
25.35001,25.51,20893600,0
25.08,25.34,16048600,1
25.18001,25.00001,15650700,1
24.49999,25.01999,15571600,0
24.49999,24.86,15155800,1
25.00001,24.49999,26866700,1
25.40002,25.14002,14976700,0
25.00001,25.42,40370400,0
25.6,25.53002,19755000,1
26.40002,25.61998,37512900,0
25.70001,26.40002,94016400,0
26.00001,25.69,20482700,1
25.19999,25.79999,39511000,0
26.48001,25.6,73166700,1
25.6,26.00001,57173700,0
25.78001,25.42,46136600,1
25.19999,25.82,148011400,0
25.21,25.17001,38882500,1
24.6,25.08,33266100,0
24.9,24.6,20636700,1
24.6,24.82,16496100,0
24.6,24.6,24539700,1
25.87998,24.75002,37326600,0
24.75002,25.79999,90537000,0
24.9,24.67999,34402100,1
25.25,24.9,81785900,0
25.49999,25.19999,67676000,0
27.2,25.68,93223900,0
26.00001,27.2,84250100,0
24.6,25.04001,43875200,1
24.47,24.58999,21782700,1
24.6,24.40999,9716200,1
24.18001,24.58999,27477300,0
24.19999,24.18001,32829100,1
24.51,24.27001,28884100,0
24.12,24.44001,18151000,0
24.14001,24.13001,16532700,1
24.49999,24.14001,27303500,0
24.08,24.40001,28752300,0
24.88002,24.19999,63391800,1
25.00001,24.9,28305500,0
26.00001,25.12,125190600,0
27.25,26.2,33327800,0
27.00001,27.25,58699500,0
26.30001,26.9,75790000,1
25.18001,25.99,22109000,1
25.57001,25.27999,18642200,1
24.97999,25.57001,15956500,0
24.9,24.75002,8280400,1
24.70998,24.66001,8106700,0
24.53999,24.6,11274000,0
24.75002,24.57998,7927600,1
24.6,24.75002,10052400,0
25.19999,24.78001,14769300,1
25.23999,25.14999,10943500,0
25.44999,25.23999,14960100,0
26.00001,25.57999,12653300,0
26.49999,26.00001,12833800,0
26.00001,26.44999,24125600,0
25.70001,26.00001,5743900,1
25.97999,25.92002,25050200,1
25.35998,25.96999,12612800,0
25.49999,25.35998,9101800,1
25.6,25.53002,7937400,0
25.6,25.6,14039000,0
26.30001,25.66001,24786200,0
26.25,26.35999,9059000,0
26.52001,26.26001,6879600,1
26.31002,26.6,10168500,0
26.30001,26.40002,8415900,1
26.44999,26.33,9515700,1
26.43001,26.44999,8101200,0
26.30001,26.40002,20319000,1
26.44001,26.43001,14543800,1
26.44999,26.44999,13642200,0
26.87998,26.44999,19645200,0
27.49999,26.87998,19075800,0
27.2,27.01999,29976700,0
26.49999,27.18002,35676500,0
27.87999,26.55,82418800,1
28.2,27.74999,42307800,0
27.86001,28.04998,53263200,0
27.57999,27.70999,104352900,1
